{"stats":{"minecraft:killed_by":{"antlers:wendigo":1},"minecraft:mined":{"minecraft:oak_leaves":1},"minecraft:dropped":{"tombstone:grave_key":1,"tombstone:gift":1},"minecraft:custom":{"minecraft:jump":65,"minecraft:time_since_rest":168,"minecraft:walk_one_cm":5039,"minecraft:leave_game":2,"minecraft:play_time":4866,"minecraft:sprint_one_cm":7562,"minecraft:damage_taken":580,"minecraft:time_since_death":289,"minecraft:deaths":2,"minecraft:total_world_time":4866,"minecraft:drop":2,"minecraft:fall_one_cm":3528,"minecraft:fly_one_cm":20643}},"DataVersion":3465}