{"stats":{"minecraft:custom":{"minecraft:jump":148,"minecraft:open_chest":1,"minecraft:time_since_rest":37838,"minecraft:walk_on_water_one_cm":74,"minecraft:damage_taken":620,"minecraft:leave_game":5,"minecraft:play_time":42536,"minecraft:sprint_one_cm":17585,"minecraft:time_since_death":37959,"minecraft:walk_one_cm":7024,"minecraft:deaths":2,"minecraft:sneak_time":17,"minecraft:total_world_time":42536,"minecraft:fall_one_cm":7229,"minecraft:drop":2,"minecraft:fly_one_cm":42062},"minecraft:mined":{"minecraft:oak_leaves":1},"minecraft:dropped":{"tombstone:grave_key":1,"tombstone:gift":1},"minecraft:killed_by":{"antlers:wendigo":1}},"DataVersion":3465}