{"stats":{"minecraft:killed_by":{"antlers:wendigo":1},"minecraft:mined":{"minecraft:oak_leaves":1},"minecraft:dropped":{"tombstone:grave_key":1,"tombstone:gift":1},"minecraft:custom":{"minecraft:jump":71,"minecraft:time_since_rest":21938,"minecraft:damage_taken":620,"minecraft:leave_game":4,"minecraft:play_time":26636,"minecraft:sprint_one_cm":9364,"minecraft:time_since_death":22059,"minecraft:walk_one_cm":6123,"minecraft:deaths":2,"minecraft:sneak_time":17,"minecraft:total_world_time":26636,"minecraft:fall_one_cm":4872,"minecraft:drop":2,"minecraft:fly_one_cm":21562}},"DataVersion":3465}