{"stats":{"minecraft:custom":{"minecraft:mob_kills":36,"minecraft:interact_with_crafting_table":1,"minecraft:damage_dealt_resisted":395,"minecraft:leave_game":5,"minecraft:time_since_death":77732,"minecraft:damage_resisted":70,"minecraft:sprint_one_cm":35415,"minecraft:walk_one_cm":132029,"minecraft:drop":52,"minecraft:play_time":81245,"minecraft:deaths":1,"minecraft:sneak_time":1254,"minecraft:jump":316,"minecraft:walk_on_water_one_cm":733,"minecraft:total_world_time":81245,"minecraft:interact_with_furnace":2,"tombstone:raider_killed":1,"minecraft:tune_noteblock":1,"minecraft:time_since_rest":77563,"minecraft:damage_taken":1738,"minecraft:damage_absorbed":164,"minecraft:damage_dealt":2743,"minecraft:fly_one_cm":443307,"minecraft:open_chest":18,"minecraft:crouch_one_cm":866,"tombstone:undead_killed":10,"tombstone:villager_killed":3,"minecraft:aviate_one_cm":718727,"minecraft:fall_one_cm":19119,"minecraft:inspect_dispenser":7},"minecraft:picked_up":{"minecraft:splash_potion":1,"cataclysm:monstrous_horn":1,"minecraft:ladder":4,"minecraft:oak_stairs":6,"minecraft:enchanted_book":1,"minecraft:polished_deepslate":4,"minecraft:oak_sign":24,"irons_spellbooks:arcane_essence":8,"minecraft:beef":3,"minecraft:azalea":3,"minecraft:lectern":2,"minecraft:spruce_stairs":2,"mowziesmobs:umvuthana_mask_faith":1,"minecraft:rotten_flesh":5,"minecraft:polished_basalt":2,"mowziesmobs:umvuthana_mask_bliss":1,"minecraft:snowball":6,"minecraft:feather":1,"minecraft:leather":1,"minecraft:chiseled_quartz_block":16,"minecraft:oak_log":1,"minecraft:chainmail_chestplate":1,"minecraft:nether_wart_block":1,"minecraft:gunpowder":1,"minecraft:lantern":1,"minecraft:red_carpet":1,"cataclysm:infernal_forge":1,"minecraft:wheat_seeds":1,"minecraft:book":16,"minecraft:oak_slab":3,"minecraft:jungle_planks":1,"minecraft:spruce_log":1,"cataclysm:music_disc_netherite_monstrosity":1,"minecraft:mangrove_wood":4,"minecraft:writable_book":2,"minecraft:netherrack":3},"minecraft:dropped":{"minecraft:enchanted_book":1,"minecraft:oak_slab":3,"minecraft:wheat_seeds":1,"minecraft:feather":1,"minecraft:book":16,"minecraft:lantern":1,"minecraft:leather":1,"minecraft:jungle_planks":1,"minecraft:spruce_stairs":2,"minecraft:red_carpet":1,"mca:book_romance":1,"mowziesmobs:umvuthana_mask_bliss":1,"minecraft:nether_wart_block":1,"iceandfire:dread_stone_bricks":1,"irons_spellbooks:arcane_essence":8,"minecraft:oak_stairs":6,"minecraft:writable_book":2,"minecraft:polished_basalt":2,"minecraft:polished_deepslate":4,"minecraft:gravel":1,"minecraft:chiseled_quartz_block":16,"camera:image_frame":1,"tombstone:gift":1,"camera:image":5,"minecraft:rotten_flesh":5,"minecraft:oak_sign":24,"minecraft:chainmail_chestplate":1,"minecraft:gunpowder":1,"minecraft:azalea":3,"minecraft:ladder":4,"camera:camera":1,"iceandfire:dread_stone_face":1,"minecraft:spruce_log":1,"minecraft:beef":3,"minecraft:splash_potion":2,"minecraft:netherrack":3,"minecraft:lectern":2},"minecraft:mined":{"antlers:bloody_pig":1},"minecraft:killed":{"irons_spellbooks:priest":1,"irons_spellbooks:pyromancer":1,"cataclysm:netherite_monstrosity":1,"born_in_chaos_v1:siamese_skeletonsright":2,"minecraft:skeleton":6,"minecraft:chicken":1,"mowziesmobs:umvuthana":2,"minecraft:magma_cube":6,"cataclysm:nameless_sorcerer":1,"irons_spellbooks:summoned_vex":2,"minecraft:zombie":1,"mca:male_villager":2,"mca:female_villager":1,"born_in_chaos_v1:siamese_skeletonsleft":1,"minecraft:cow":3},"minecraft:used":{"bellsandwhistles:polished_andesite_pilot":6,"camera:image_frame":1,"minecraft:netherite_sword":22,"born_in_chaos_v1:senor_pumpkin_spawn_egg":2,"cataclysm:endermaptera_spawn_egg":1,"born_in_chaos_v1:seared_spirit_spawn_egg":1,"born_in_chaos_v1:siamese_skeletons_spawn_egg":2,"minecraft:flint_and_steel":92,"iceandfire:dread_stone_stairs":1,"graveyard:creeper_skeleton":1,"graveyard:lying_wither_skeleton":4,"cataclysm:ender_golem_spawn_egg":1,"born_in_chaos_v1:spirit_guide_spawn_egg":1,"mowziesmobs:umvuthana_crane_spawn_egg":1,"iceandfire:spawn_egg_dread_scuttler":1,"born_in_chaos_v1:pumpkin_spirit_spawn_egg":1,"mowziesmobs:frostmaw_spawn_egg":1,"mowziesmobs:wroughtnaut_spawn_egg":1,"mowziesmobs:lantern_spawn_egg":1,"born_in_chaos_v1:lifestealer_spawn_egg":1,"born_in_chaos_v1:corpse_fly_spawn_egg":1,"born_in_chaos_v1:restless_spirit_spawn_egg":1,"born_in_chaos_v1:dread_hound_spawn_egg":1,"irons_spellbooks:cryomancer_spawn_egg":1,"born_in_chaos_v1:glutton_fish_spawn_egg":1,"cataclysm:infernal_forge":4,"born_in_chaos_v1:fallen_chaos_knight_spawn_egg":1,"antlers:wendigo_spawn_egg":1,"born_in_chaos_v1:dire_hound_leader_spawn_egg":1,"born_in_chaos_v1:dark_vortex_spawn_egg":1,"born_in_chaos_v1:maggot_spawn_egg":1,"born_in_chaos_v1:bonescaller_spawn_egg":1,"born_in_chaos_v1:thornshell_crab_spawn_egg":1,"born_in_chaos_v1:skeleton_demoman_spawn_egg":1,"born_in_chaos_v1:door_knight_spawn_egg":1,"cataclysm:void_forge":2,"cataclysm:nameless_sorcerer_spawn_egg":1,"minecraft:enchanted_golden_apple":3,"cataclysm:ignis_spawn_egg":1,"born_in_chaos_v1:zombie_lumberjack_spawn_egg":1,"graveyard:bone_remains":1,"mowziesmobs:umvuthana_spawn_egg":1,"irons_spellbooks:priest_spawn_egg":11,"irons_spellbooks:archevoker_spawn_egg":1,"born_in_chaos_v1:barrel_zombie_spawn_egg":1,"born_in_chaos_v1:spiritof_chaos_spawn_egg":2,"born_in_chaos_v1:scarlet_persecutor_spawn_egg":1,"cave_dweller:cave_dweller_spawn_egg":1,"born_in_chaos_v1:decaying_zombie_spawn_egg":1,"cataclysm:khopesh":10,"born_in_chaos_v1:diamond_termite_spawn_egg":1,"iceandfire:dread_stone_bricks":10,"irons_spellbooks:pyromancer_spawn_egg":1,"mowziesmobs:foliaath_spawn_egg":1,"mowziesmobs:naga_spawn_egg":1,"born_in_chaos_v1:mr_pumpkin_spawn_egg":2,"graveyard:skeleton_hand":1,"irons_spellbooks:keeper_spawn_egg":1,"born_in_chaos_v1:sir_pumpkinhead_spawn_egg":1,"born_in_chaos_v1:zombie_bruiser_spawn_egg":1,"minecraft:tnt":263,"born_in_chaos_v1:supreme_bonescaller_spawn_egg":1,"simplyswords:runic_katana":3,"mowziesmobs:grottol_spawn_egg":1,"born_in_chaos_v1:lord_pumpkinhead_spawn_egg":1,"iceandfire:dread_stone_face":2,"born_in_chaos_v1:decrepit_skeleton_spawn_egg":1,"born_in_chaos_v1:skeleton_thrasher_spawn_egg":1,"cataclysm:ender_guardian_spawn_egg":1,"minecraft:firework_rocket":36,"born_in_chaos_v1:nightmare_stalker_spawn_egg":4,"irons_spellbooks:apothecarist_spawn_egg":1,"minetraps:troll_block":12,"born_in_chaos_v1:baby_skeleton_spawn_egg":2,"minecraft:gravel":9,"mowziesmobs:umvuthi_spawn_egg":1,"cataclysm:netherite_monstrosity_spawn_egg":1,"irons_spellbooks:necromancer_spawn_egg":1,"born_in_chaos_v1:firelight_spawn_egg":1,"graveyard:leaning_wither_skeleton":1,"irons_spellbooks:dead_king_corpse_spawn_egg":1,"born_in_chaos_v1:corpse_fish_spawn_egg":1,"born_in_chaos_v1:zombie_clown_spawn_egg":1,"minecraft:ice":1,"born_in_chaos_v1:bone_imp_spawn_egg":1,"magistuarmory:steel_chainmorgenstern":6,"born_in_chaos_v1:missioner_spawn_egg":1,"minecraft:splash_potion":1,"born_in_chaos_v1:phantom_creeper_spawn_egg":2}},"DataVersion":3465}