{"stats":{"minecraft:used":{"iceandfire:silver_pile":9,"minecraft:dark_oak_log":1,"minecraft:oak_planks":1},"minecraft:picked_up":{"minecraft:wheat_seeds":14,"bettermcdonaldsmod:lettuce_seeds":4,"bettermcdonaldsmod:tomato_seeds":3,"minecraft:spruce_log":1,"iceandfire:silver_nugget":56},"minecraft:custom":{"minecraft:open_barrel":1,"minecraft:open_chest":2,"minecraft:time_since_rest":11731,"minecraft:crouch_one_cm":19,"minecraft:play_time":17160,"minecraft:sprint_one_cm":1978,"minecraft:walk_one_cm":29414,"minecraft:damage_taken":220,"minecraft:deaths":1,"minecraft:sneak_time":154,"minecraft:walk_under_water_one_cm":8453,"minecraft:jump":39,"minecraft:damage_dealt":122,"minecraft:time_since_death":12253,"minecraft:walk_on_water_one_cm":5730,"minecraft:total_world_time":17160,"minecraft:climb_one_cm":522,"minecraft:swim_one_cm":35801,"minecraft:fall_one_cm":1997,"minecraft:fly_one_cm":293196}},"DataVersion":3465}