{"stats":{"minecraft:crafted":{"minecraft:cherry_planks":32,"quark:cherry_chest":4},"minecraft:used":{"quark:cherry_chest":4,"minecraft:dirt":5,"minecraft:crafting_table":1,"minecraft:stone_pickaxe":16,"minecraft:white_bed":1,"minecraft:stone":4},"minecraft:custom":{"minecraft:time_since_rest":7993,"minecraft:open_chest":6,"minecraft:crouch_one_cm":126,"minecraft:play_time":41191,"minecraft:sprint_one_cm":135,"minecraft:walk_one_cm":131343,"minecraft:sneak_time":172,"minecraft:jump":32,"minecraft:damage_dealt":205,"minecraft:time_since_death":41191,"minecraft:sleep_in_bed":2,"minecraft:total_world_time":41191,"minecraft:interact_with_crafting_table":4,"minecraft:fly_one_cm":101672},"minecraft:picked_up":{"minecraft:pink_petals":38,"minecraft:wheat_seeds":91,"minecraft:peony":2,"minecraft:dandelion":4,"bettermcdonaldsmod:lettuce_seeds":11,"minecraft:white_tulip":2,"minecraft:pink_tulip":1,"bettermcdonaldsmod:tomato_seeds":15,"minecraft:carrot":4,"minecraft:cornflower":2,"minecraft:oxeye_daisy":2}},"DataVersion":3465}