{"stats":{"minecraft:used":{"minecraft:oak_log":6,"minecraft:item_frame":3,"minecraft:grass_block":110,"minecraft:iron_helmet":1,"minecraft:iron_boots":1},"minecraft:mined":{"treechop:chopped_log":1},"minecraft:custom":{"minecraft:time_since_rest":61400,"minecraft:open_chest":36,"minecraft:crouch_one_cm":55,"minecraft:play_time":82193,"minecraft:sprint_one_cm":36061,"minecraft:damage_taken":10,"minecraft:walk_one_cm":57325,"minecraft:sneak_time":776,"minecraft:walk_under_water_one_cm":644,"minecraft:jump":116,"minecraft:time_since_death":82193,"minecraft:walk_on_water_one_cm":587,"minecraft:sleep_in_bed":1,"minecraft:total_world_time":82193,"minecraft:swim_one_cm":4270,"minecraft:fall_one_cm":962,"minecraft:fly_one_cm":359063},"minecraft:crafted":{"minecraft:acacia_planks":12,"minecraft:crafting_table":1,"minecraft:stick":4},"minecraft:picked_up":{"minecraft:item_frame":3,"minecraft:acacia_log":3,"minecraft:enchanted_book":2,"minecraft:emerald":1,"minecraft:lantern":4}},"DataVersion":3465}