{"stats":{"minecraft:used":{"minecraft:stone_sword":85,"minecraft:stone_pickaxe":15,"minecraft:wooden_pickaxe":6,"minecraft:stick":1,"minecraft:polished_deepslate_slab":3,"minecraft:crafting_table":1,"minecraft:smoker":1,"minecraft:soul_lantern":1,"minecraft:cobbled_deepslate_slab":1,"tombstone:gift":3,"graveyard:small_black_urn":1,"minecraft:cobbled_deepslate":5,"minecraft:cobweb":7},"minecraft:dropped":{"minecraft:moss_carpet":1,"born_in_chaos_v1:corpse_maggot":1},"minecraft:killed":{"born_in_chaos_v1:maggot":5,"alexsmobs:catfish":1,"minecraft:zombie":13},"minecraft:picked_up":{"born_in_chaos_v1:corpse_maggot":1,"farmersdelight:rice":5,"minecraft:flower_pot":1,"minecraft:jungle_log":5,"minecraft:smoker":1,"paraglider:spirit_orb":4,"supplementaries:flax_seeds":7,"minecraft:string":12,"minecraft:moss_carpet":1,"minecraft:bone":8,"graveyard:small_black_urn":1,"minecraft:cobbled_deepslate":6,"minecraft:cobbled_deepslate_slab":1,"tombstone:bag_of_seeds":1,"minecraft:sugar_cane":9,"graveyard:small_light_blue_urn":1,"minecraft:stick":14,"minecraft:polished_deepslate_slab":3,"tombstone:grave_dust":1,"minecraft:dead_bush":1,"alexsmobs:raw_catfish":5,"minecraft:cactus":5,"minecraft:soul_lantern":1,"biomesoplenty:orange_cosmos":1,"minecraft:crimson_roots":5,"minecraft:cobblestone":5},"minecraft:custom":{"minecraft:mob_kills":19,"minecraft:interact_with_crafting_table":5,"minecraft:open_barrel":21,"minecraft:damage_dealt_resisted":176,"minecraft:time_since_death":5261,"minecraft:time_since_rest":4029,"minecraft:sprint_one_cm":38350,"minecraft:damage_taken":239,"minecraft:walk_one_cm":60612,"minecraft:drop":2,"minecraft:damage_dealt":2731,"minecraft:damage_dealt_absorbed":81,"minecraft:swim_one_cm":4862,"minecraft:fly_one_cm":35437,"minecraft:open_chest":5,"minecraft:crouch_one_cm":207,"minecraft:play_time":29564,"tombstone:undead_killed":13,"minecraft:deaths":1,"minecraft:sneak_time":127,"minecraft:walk_under_water_one_cm":763,"minecraft:jump":156,"minecraft:walk_on_water_one_cm":6724,"minecraft:interact_with_smoker":2,"minecraft:total_world_time":29564,"minecraft:fall_one_cm":1045},"minecraft:mined":{"biomesoplenty:watergrass":5,"graveyard:small_black_urn":1,"minecraft:smoker":1,"minecraft:potted_dead_bush":1,"minecraft:cobbled_deepslate_slab":1,"minecraft:crimson_roots":1,"minecraft:dead_bush":8,"supplementaries:wild_flax":7,"minecraft:cobblestone":5,"minecraft:sugar_cane":3,"minecraft:moss_block":1,"minecraft:spawner":2,"minecraft:cactus":4,"minecraft:tall_seagrass":2,"graveyard:small_light_blue_urn":1,"biomesoplenty:orange_cosmos":1,"farmersdelight:wild_rice":5,"minecraft:cobbled_deepslate":6,"treechop:chopped_log":1,"minecraft:grass":2,"supplementaries:stick":1,"graveyard:creeper_skeleton":1,"minecraft:polished_deepslate_slab":3,"graveyard:leaning_skeleton":1,"minecraft:cobweb":12},"minecraft:crafted":{"sophisticatedbackpacks:backpack":1,"minecraft:crafting_table":1,"minecraft:wooden_pickaxe":1,"quark:jungle_chest":1,"minecraft:orange_dye":1,"minecraft:jungle_planks":20,"minecraft:stone_pickaxe":1,"minecraft:stone_sword":1}},"DataVersion":3465}