{"stats":{"minecraft:broken":{"minecraft:iron_boots":1,"minecraft:iron_leggings":1,"minecraft:stone_pickaxe":4,"minecraft:iron_axe":6,"minecraft:iron_pickaxe":5},"minecraft:used":{"minecraft:iron_bars":6,"minecraft:flint_and_steel":22,"minecraft:spruce_slab":1,"minecraft:chest":1,"minecraft:spruce_planks":496,"minecraft:stripped_jungle_wood":1,"minecraft:oak_door":3,"minecraft:torch":112,"minecraft:dirt":22,"minecraft:deepslate_brick_slab":1,"minecraft:spruce_stairs":6,"minecraft:stone_stairs":5,"minecraft:stripped_spruce_log":2,"minecraft:spruce_fence":1,"minecraft:dark_oak_planks":14,"quark:spruce_chest":1,"minecraft:stripped_dark_oak_wood":21,"minecraft:bricks":1,"minecraft:muddy_mangrove_roots":1,"minecraft:iron_axe":1391,"minecraft:barrel":3,"minecraft:scaffolding":2,"minecraft:furnace":2,"tombstone:gift":6,"minecraft:cooked_beef":2,"minecraft:calcite":333,"minecraft:cooked_mutton":3,"minecraft:dark_oak_stairs":75,"minecraft:diorite":8,"minecraft:stone_pickaxe":344,"minecraft:gray_carpet":1,"minecraft:oak_planks":4,"minecraft:wooden_pickaxe":16,"minecraft:dark_oak_trapdoor":79,"minecraft:mangrove_trapdoor":8,"minecraft:crafting_table":6,"minecraft:red_bed":17,"minecraft:blast_furnace":2,"minecraft:spruce_log":27,"minecraft:smoker":3,"minecraft:iron_pickaxe":1072,"minecraft:bread":5,"minecraft:cyan_bed":3,"minecraft:cyan_carpet":2,"minecraft:spruce_trapdoor":1,"minecraft:red_terracotta":4,"minecraft:stone_axe":53,"croptopia:toast":19,"modernlife:spruce_chair":2,"quark:dark_oak_chest":2,"minecraft:cobblestone":70,"minecraft:cooked_porkchop":1,"quark:oak_chest":2},"minecraft:dropped":{"minecraft:oak_slab":8,"minecraft:wheat_seeds":132,"minecraft:oak_fence":4,"minecraft:iron_helmet":3,"minecraft:cobblestone":24,"antlers:tomahawkitem":11,"minecraft:leather":1,"minecraft:coal":8,"minecraft:red_carpet":2,"minecraft:oxeye_daisy":2,"minecraft:dirt":11,"mca:book_romance":1,"minecraft:stone_button":4,"minecraft:rose_bush":1,"tombstone:grave_dust":4,"minecraft:oak_stairs":2,"iceandfire:ash":4,"minecraft:string":5,"minecraft:tripwire_hook":3,"minecraft:mangrove_slab":2,"minecraft:dandelion":2,"minecraft:bone":2,"minecraft:oak_door":3,"minecraft:gravel":2,"alexsmobs:maggot":2,"croptopia:toast":2,"minecraft:beetroot":9,"minecraft:rotten_flesh":9,"minecraft:oak_planks":9,"supplementaries:ash":2,"minecraft:oak_sapling":5,"minecraft:stone_bricks":6,"minecraft:stone_brick_stairs":3,"minecraft:cartography_table":1},"minecraft:killed":{"minecraft:skeleton":6,"minecraft:husk":26,"born_in_chaos_v1:bonescaller":1,"antlers:wendigomad":2,"minecraft:cow":3},"minecraft:picked_up":{"minecraft:birch_door":7,"minecraft:mud_brick_slab":4,"minecraft:crafting_table":2,"minecraft:wheat":39,"minecraft:flower_pot":3,"born_in_chaos_v1:seedof_chaos":2,"minecraft:oak_stairs":2,"minecraft:potion":3,"minecraft:stone_brick_stairs":3,"minecraft:polished_deepslate_wall":6,"minecraft:cornflower":1,"minecraft:polished_deepslate":11,"minecraft:soul_soil":1,"minecraft:red_bed":17,"minecraft:dark_oak_trapdoor":148,"minecraft:stone_stairs":7,"minecraft:iron_axe":1,"minecraft:item_frame":5,"minecraft:cyan_carpet":8,"minecraft:beetroot":20,"minecraft:cartography_table":2,"minecraft:candle":2,"minecraft:spruce_planks":566,"minecraft:beef":4,"minecraft:rose_bush":1,"minecraft:redstone_torch":3,"minecraft:calcite":429,"minecraft:spruce_slab":4,"minecraft:coal_block":2,"minecraft:chest":2,"minecraft:spruce_trapdoor":11,"minecraft:stripped_mangrove_wood":2,"minecraft:furnace":1,"minecraft:dark_oak_sapling":2,"minecraft:stick":12,"minecraft:raw_iron":1,"iceandfire:dragonbone":8,"minecraft:oak_door":3,"minecraft:polished_deepslate_stairs":2,"modernlife:spruce_chair":1,"minecraft:birch_trapdoor":10,"minecraft:oak_fence":3,"minecraft:torch":65,"minecraft:spruce_stairs":10,"minecraft:spruce_fence":35,"minecraft:cake":3,"minecraft:stone_button":4,"minecraft:diorite":31,"tombstone:grave_dust":7,"minecraft:mangrove_sign":16,"minecraft:mangrove_trapdoor":8,"minecraft:dark_oak_planks":56,"minecraft:arrow":8,"minecraft:rotten_flesh":23,"minecraft:pumpkin_pie":2,"minecraft:hay_block":15,"iceandfire:fire_dragon_heart":1,"minecraft:stripped_dark_oak_wood":28,"minecraft:glistering_melon_slice":2,"minecraft:black_banner":1,"supplementaries:ash":3,"minecraft:iron_bars":6,"minecraft:cobblestone":837,"minecraft:oxeye_daisy":2,"minecraft:muddy_mangrove_roots":1,"minecraft:lilac":2,"born_in_chaos_v1:spiritual_dust":3,"minecraft:tripwire_hook":6,"minecraft:andesite":2,"minecraft:leather":2,"minecraft:smoker":3,"minecraft:potato":17,"paraglider:spirit_orb":8,"minecraft:oak_log":1,"minecraft:mangrove_slab":12,"minecraft:dirt":33,"minecraft:red_carpet":2,"minecraft:bone":7,"minecraft:stone_bricks":5,"minecraft:apple":4,"minecraft:gray_carpet":1,"minecraft:wheat_seeds":132,"minecraft:deepslate_brick_slab":1,"minecraft:dark_oak_sign":11,"minecraft:cyan_candle":9,"iceandfire:fire_dragon_flesh":6,"minecraft:oak_planks":5,"minecraft:flowering_azalea":2,"minecraft:dark_oak_stairs":206,"minecraft:scaffolding":2,"minecraft:oak_slab":6,"minecraft:dark_oak_slab":1,"iceandfire:ash":3,"minecraft:dandelion":2,"minecraft:gravel":4,"iceandfire:dragon_skull_fire":1,"minecraft:stripped_spruce_log":2,"minecraft:spruce_sapling":14,"minecraft:blast_furnace":2,"minecraft:spruce_log":79,"minecraft:cyan_bed":5,"minecraft:red_terracotta":4,"minecraft:barrel":4,"minecraft:mossy_cobblestone":1,"minecraft:dark_prismarine":2,"minecraft:bundle":1,"minecraft:soul_lantern":1,"minecraft:iron_helmet":2,"minecraft:stripped_jungle_wood":1,"minecraft:mossy_cobblestone_stairs":2,"alexsmobs:maggot":2,"minecraft:bricks":3,"minecraft:coal":22},"minecraft:custom":{"minecraft:mob_kills":39,"minecraft:animals_bred":1,"minecraft:interact_with_crafting_table":30,"minecraft:open_barrel":133,"minecraft:damage_dealt_resisted":98,"minecraft:leave_game":16,"minecraft:time_since_death":18546,"minecraft:climb_one_cm":6308,"minecraft:sprint_one_cm":398474,"minecraft:walk_one_cm":1041291,"minecraft:drop":67,"minecraft:play_time":500575,"minecraft:deaths":24,"minecraft:sneak_time":12536,"minecraft:walk_under_water_one_cm":1024,"minecraft:jump":2128,"minecraft:interact_with_blast_furnace":2,"minecraft:walk_on_water_one_cm":9822,"minecraft:total_world_time":500575,"minecraft:interact_with_furnace":11,"minecraft:traded_with_villager":1,"minecraft:sleep_in_bed":15,"minecraft:time_since_rest":1946,"minecraft:damage_taken":9170,"minecraft:damage_dealt":27182,"minecraft:swim_one_cm":20375,"minecraft:fly_one_cm":474196,"minecraft:open_chest":99,"minecraft:crouch_one_cm":15185,"tombstone:undead_killed":33,"minecraft:interact_with_smoker":15,"minecraft:fall_one_cm":63505},"minecraft:killed_by":{"minecraft:husk":1,"antlers:wendigo":4},"minecraft:mined":{"minecraft:dark_oak_planks":56,"minecraft:dark_prismarine":2,"minecraft:red_carpet":1,"minecraft:spruce_planks":573,"minecraft:mossy_cobblestone":1,"minecraft:candle":1,"minecraft:oak_door":3,"minecraft:potted_flowering_azalea_bush":2,"antlers:bloody_fox":2,"minecraft:mangrove_wall_sign":7,"minecraft:spruce_trapdoor":13,"minecraft:ladder":3,"minecraft:spruce_fence":35,"minecraft:grass_block":16,"minecraft:jungle_planks":3,"minecraft:coal_block":2,"minecraft:soul_campfire":1,"minecraft:mangrove_trapdoor":8,"minecraft:spruce_leaves":10,"minecraft:cartography_table":1,"minecraft:spawner":4,"minecraft:hay_block":15,"minecraft:deepslate_brick_slab":1,"minecraft:furnace":1,"minecraft:mossy_cobblestone_stairs":2,"minecraft:dark_oak_trapdoor":152,"supplementaries:ash":1,"minecraft:iron_ore":1,"minecraft:turtle_egg":1,"minecraft:barrel":5,"minecraft:andesite":2,"minecraft:stripped_spruce_log":1,"treechop:chopped_log":4,"minecraft:stripped_dark_oak_wood":28,"minecraft:dark_oak_stairs":211,"minecraft:polished_deepslate":12,"minecraft:vine":1,"minecraft:iron_bars":6,"minecraft:stripped_mangrove_wood":2,"minecraft:potted_cornflower":1,"minecraft:stone":807,"minecraft:redstone_wall_torch":1,"minecraft:spruce_slab":1,"modernlife:spruce_chair":1,"minecraft:mud_brick_slab":3,"minecraft:scaffolding":2,"minecraft:red_bed":16,"minecraft:polished_deepslate_stairs":3,"minecraft:smoker":3,"minecraft:soul_lantern":1,"minecraft:powder_snow":15,"minecraft:crafting_table":2,"minecraft:torch":16,"minecraft:blast_furnace":2,"minecraft:calcite":436,"minecraft:chest":2,"minecraft:cobblestone":31,"minecraft:deepslate_coal_ore":1,"minecraft:cyan_bed":5,"minecraft:bricks":3,"minecraft:wall_torch":26,"minecraft:diorite":32,"minecraft:spruce_stairs":10,"minecraft:stone_stairs":8,"minecraft:red_terracotta":4,"minecraft:dark_oak_slab":1,"antlers:sheep_corpse":1,"minecraft:dark_oak_wall_sign":10,"minecraft:ice":3,"minecraft:black_wall_banner":1,"minecraft:birch_trapdoor":10,"minecraft:spruce_log":7,"minecraft:birch_leaves":1,"minecraft:birch_door":7,"minecraft:muddy_mangrove_roots":1,"minecraft:mangrove_slab":10,"minecraft:coal_ore":7,"minecraft:cyan_carpet":8,"minecraft:gravel":2,"minecraft:dirt":12,"minecraft:gray_carpet":1,"antlers:bloody_cow":1,"minecraft:polished_deepslate_wall":6,"minecraft:cyan_candle":3},"minecraft:crafted":{"minecraft:oak_door":3,"minecraft:oak_planks":16,"minecraft:furnace":2,"croptopia:toast":31,"minecraft:cooked_mutton":3,"quark:dark_oak_chest":2,"modernlife:spruce_chair":1,"minecraft:iron_axe":7,"minecraft:stone_pickaxe":4,"quark:spruce_chest":1,"minecraft:wheat":135,"minecraft:cooked_beef":2,"minecraft:crafting_table":4,"minecraft:spruce_planks":28,"minecraft:wooden_pickaxe":1,"farmersdelight:smoked_ham":1,"minecraft:stone_axe":1,"minecraft:bread":42,"minecraft:air":0,"minecraft:charcoal":17,"minecraft:stick":44,"quark:oak_chest":2,"minecraft:iron_pickaxe":6,"farmersdelight:cooked_bacon":2,"minecraft:torch":40}},"DataVersion":3465}