{"stats":{"minecraft:used":{"minecraft:item_frame":3},"minecraft:mined":{"treechop:chopped_log":1},"minecraft:custom":{"minecraft:jump":107,"minecraft:open_chest":10,"minecraft:time_since_rest":10193,"minecraft:damage_taken":10,"minecraft:sprint_one_cm":36061,"minecraft:play_time":10193,"minecraft:walk_on_water_one_cm":587,"minecraft:time_since_death":10193,"minecraft:walk_one_cm":36929,"minecraft:sneak_time":36,"minecraft:total_world_time":10193,"minecraft:walk_under_water_one_cm":644,"minecraft:swim_one_cm":4270,"minecraft:fall_one_cm":962,"minecraft:fly_one_cm":96542},"minecraft:crafted":{"minecraft:crafting_table":1,"minecraft:stick":4,"minecraft:acacia_planks":12},"minecraft:picked_up":{"minecraft:enchanted_book":2,"minecraft:item_frame":3,"minecraft:emerald":1,"minecraft:acacia_log":3}},"DataVersion":3465}