{"stats":{"minecraft:used":{"iceandfire:silver_pile":12,"minecraft:dark_oak_log":1,"minecraft:oak_planks":1,"minecraft:chest":2},"minecraft:picked_up":{"iceandfire:silver_ingot":8,"minecraft:bone":10,"minecraft:wheat_seeds":14,"bettermcdonaldsmod:lettuce_seeds":4,"minecraft:cobweb":3,"bettermcdonaldsmod:tomato_seeds":3,"minecraft:spruce_log":1,"iceandfire:silver_nugget":56,"iceandfire:manuscript":5},"minecraft:custom":{"minecraft:open_barrel":1,"minecraft:open_chest":9,"minecraft:time_since_rest":35731,"minecraft:crouch_one_cm":129,"minecraft:play_time":41160,"minecraft:sprint_one_cm":2165,"minecraft:walk_one_cm":36865,"minecraft:damage_taken":220,"minecraft:deaths":1,"minecraft:sneak_time":228,"minecraft:walk_under_water_one_cm":8453,"minecraft:jump":46,"minecraft:damage_dealt":122,"minecraft:time_since_death":36253,"minecraft:walk_on_water_one_cm":5730,"minecraft:total_world_time":41160,"minecraft:climb_one_cm":522,"minecraft:swim_one_cm":35801,"minecraft:fall_one_cm":1997,"minecraft:fly_one_cm":357556}},"DataVersion":3465}