{"stats":{"minecraft:used":{"minecraft:stone_axe":1,"minecraft:crafting_table":1,"minecraft:stone_pickaxe":8,"minecraft:wooden_pickaxe":15},"minecraft:picked_up":{"minecraft:raw_iron":1,"minecraft:dark_oak_sapling":2,"minecraft:stick":8,"minecraft:crafting_table":1,"minecraft:rotten_flesh":3,"minecraft:spruce_sapling":5,"minecraft:spruce_log":22,"minecraft:coal":7,"minecraft:cobblestone":15},"minecraft:custom":{"minecraft:time_since_rest":5434,"minecraft:play_time":10161,"minecraft:sprint_one_cm":15346,"minecraft:walk_one_cm":22380,"minecraft:damage_taken":320,"minecraft:deaths":1,"minecraft:jump":56,"minecraft:time_since_death":7833,"minecraft:total_world_time":10161,"minecraft:fall_one_cm":1103,"minecraft:interact_with_crafting_table":2,"minecraft:fly_one_cm":9370},"minecraft:killed_by":{"antlers:wendigo":1},"minecraft:mined":{"minecraft:coal_ore":7,"antlers:sheep_corpse":1,"minecraft:iron_ore":1,"minecraft:stone":15,"treechop:chopped_log":2,"minecraft:crafting_table":1},"minecraft:crafted":{"minecraft:stone_axe":1,"minecraft:crafting_table":1,"minecraft:spruce_planks":12,"minecraft:stick":4,"minecraft:wooden_pickaxe":1,"minecraft:stone_pickaxe":1}},"DataVersion":3465}