{"stats":{"minecraft:broken":{"minecraft:stone_sword":1},"minecraft:used":{"minecraft:iron_bars":2,"minecraft:stone_sword":119,"minecraft:stone_pickaxe":23,"minecraft:wooden_pickaxe":6,"minecraft:iron_sword":2,"minecraft:stick":1,"minecraft:torch":1,"minecraft:polished_deepslate_slab":3,"graveyard:small_light_gray_urn":1,"minecraft:crafting_table":2,"minecraft:smoker":2,"graveyard:small_light_blue_urn":1,"minecraft:soul_lantern":1,"minecraft:cobbled_deepslate_slab":1,"tombstone:gift":3,"graveyard:small_black_urn":3,"minecraft:cobbled_deepslate":6,"minecraft:cobweb":7},"minecraft:dropped":{"minecraft:moss_carpet":1,"born_in_chaos_v1:corpse_maggot":1},"minecraft:killed":{"born_in_chaos_v1:maggot":5,"alexsmobs:catfish":1,"graveyard:acolyte":3,"minecraft:zombie":13},"minecraft:picked_up":{"born_in_chaos_v1:corpse_maggot":1,"minecraft:crafting_table":2,"minecraft:iron_door":1,"farmersdelight:rice":5,"minecraft:flower_pot":1,"minecraft:jungle_log":5,"minecraft:leather":13,"minecraft:smoker":2,"paraglider:spirit_orb":4,"graveyard:small_light_gray_urn":1,"supplementaries:flax_seeds":7,"minecraft:string":29,"minecraft:moss_carpet":1,"minecraft:bone":8,"graveyard:corruption":1,"minecraft:stonecutter":1,"graveyard:small_black_urn":3,"minecraft:cobbled_deepslate":6,"minecraft:cobbled_deepslate_slab":1,"minecraft:spruce_wood":1,"minecraft:beef":8,"minecraft:cobweb":3,"tombstone:bag_of_seeds":2,"minecraft:sugar_cane":9,"graveyard:small_light_blue_urn":1,"minecraft:stick":14,"minecraft:polished_deepslate_slab":3,"minecraft:amethyst_shard":34,"tombstone:grave_dust":1,"minecraft:loom":1,"minecraft:dead_bush":1,"minecraft:carrot":1,"minecraft:redstone":1,"minecraft:spectral_arrow":7,"alexsmobs:raw_catfish":5,"minecraft:cactus":5,"minecraft:rotten_flesh":3,"minecraft:soul_lantern":1,"graveyard:gray_urn":1,"minecraft:iron_bars":2,"minecraft:mutton":10,"minecraft:coal":6,"biomesoplenty:orange_cosmos":1,"minecraft:crimson_roots":10,"minecraft:cobblestone":5},"minecraft:custom":{"minecraft:mob_kills":22,"minecraft:interact_with_crafting_table":7,"minecraft:open_barrel":30,"minecraft:damage_dealt_resisted":176,"minecraft:time_since_death":17261,"minecraft:climb_one_cm":178,"minecraft:time_since_rest":16029,"minecraft:sprint_one_cm":38350,"minecraft:damage_taken":239,"minecraft:walk_one_cm":78546,"minecraft:drop":2,"minecraft:damage_dealt":3982,"minecraft:damage_dealt_absorbed":81,"minecraft:swim_one_cm":4862,"minecraft:fly_one_cm":35437,"minecraft:open_chest":5,"minecraft:crouch_one_cm":420,"minecraft:play_time":41564,"tombstone:undead_killed":13,"minecraft:deaths":1,"minecraft:sneak_time":293,"minecraft:walk_under_water_one_cm":1338,"minecraft:jump":160,"minecraft:walk_on_water_one_cm":7081,"minecraft:interact_with_smoker":7,"minecraft:total_world_time":41564,"minecraft:fall_one_cm":1045},"minecraft:mined":{"biomesoplenty:watergrass":5,"graveyard:small_black_urn":3,"graveyard:gray_urn":1,"minecraft:smoker":2,"graveyard:small_light_gray_urn":1,"minecraft:crafting_table":2,"minecraft:potted_dead_bush":1,"minecraft:cobbled_deepslate_slab":1,"minecraft:crimson_roots":1,"minecraft:dead_bush":8,"minecraft:redstone_wire":1,"supplementaries:wild_flax":7,"minecraft:cobblestone":5,"minecraft:sugar_cane":3,"minecraft:moss_block":1,"minecraft:iron_door":1,"minecraft:spawner":2,"minecraft:cactus":4,"minecraft:tall_seagrass":2,"graveyard:small_light_blue_urn":1,"graveyard:vase_block":1,"biomesoplenty:orange_cosmos":1,"farmersdelight:wild_rice":5,"minecraft:cobbled_deepslate":6,"treechop:chopped_log":1,"minecraft:grass":2,"supplementaries:stick":1,"graveyard:creeper_skeleton":1,"minecraft:polished_deepslate_slab":3,"minecraft:iron_bars":2,"minecraft:loom":1,"graveyard:leaning_skeleton":1,"minecraft:cobweb":14,"minecraft:spruce_wood":1,"minecraft:stonecutter":1},"minecraft:crafted":{"minecraft:cooked_beef":8,"sophisticatedbackpacks:backpack":1,"minecraft:crafting_table":1,"minecraft:wooden_pickaxe":1,"quark:jungle_chest":1,"minecraft:iron_sword":1,"minecraft:orange_dye":1,"minecraft:cooked_mutton":10,"minecraft:air":0,"minecraft:jungle_planks":20,"minecraft:stone_pickaxe":1,"minecraft:stone_sword":1,"alexsmobs:cooked_catfish":5,"minecraft:torch":16}},"DataVersion":3465}