{"stats":{"minecraft:used":{"minecraft:item_frame":3,"minecraft:iron_helmet":1,"minecraft:iron_boots":1},"minecraft:mined":{"treechop:chopped_log":1},"minecraft:custom":{"minecraft:time_since_rest":1400,"minecraft:open_chest":31,"minecraft:crouch_one_cm":55,"minecraft:play_time":22193,"minecraft:sprint_one_cm":36061,"minecraft:damage_taken":10,"minecraft:walk_one_cm":52224,"minecraft:sneak_time":126,"minecraft:walk_under_water_one_cm":644,"minecraft:jump":111,"minecraft:time_since_death":22193,"minecraft:walk_on_water_one_cm":587,"minecraft:sleep_in_bed":1,"minecraft:total_world_time":22193,"minecraft:swim_one_cm":4270,"minecraft:fall_one_cm":962,"minecraft:fly_one_cm":258022},"minecraft:crafted":{"minecraft:acacia_planks":12,"minecraft:crafting_table":1,"minecraft:stick":4},"minecraft:picked_up":{"minecraft:item_frame":3,"minecraft:acacia_log":3,"minecraft:enchanted_book":2,"minecraft:emerald":1}},"DataVersion":3465}