{"stats":{"minecraft:broken":{"minecraft:stone_pickaxe":2},"minecraft:used":{"minecraft:muddy_mangrove_roots":1,"minecraft:stone_pickaxe":192,"minecraft:wooden_pickaxe":16,"minecraft:stripped_jungle_wood":1,"minecraft:stone_axe":53,"croptopia:toast":2,"minecraft:cobblestone":2,"minecraft:scaffolding":2,"minecraft:crafting_table":2,"minecraft:deepslate_brick_slab":1,"minecraft:cooked_beef":2,"minecraft:spruce_log":3,"minecraft:stripped_spruce_log":2,"minecraft:smoker":1},"minecraft:killed":{"antlers:wendigomad":1},"minecraft:picked_up":{"minecraft:scaffolding":2,"minecraft:dark_oak_sapling":2,"minecraft:crafting_table":1,"minecraft:stick":8,"minecraft:raw_iron":1,"minecraft:muddy_mangrove_roots":1,"minecraft:smoker":2,"minecraft:stripped_spruce_log":2,"minecraft:spruce_sapling":5,"minecraft:spruce_log":25,"minecraft:barrel":1,"minecraft:red_bed":1,"minecraft:rotten_flesh":9,"minecraft:candle":2,"minecraft:deepslate_brick_slab":1,"minecraft:hay_block":15,"minecraft:stripped_jungle_wood":1,"minecraft:coal":15,"minecraft:cobblestone":16},"minecraft:custom":{"minecraft:time_since_rest":2937,"minecraft:sprint_one_cm":19486,"minecraft:damage_taken":1212,"minecraft:walk_one_cm":66617,"minecraft:mob_kills":1,"minecraft:damage_dealt":4431,"minecraft:fly_one_cm":15205,"minecraft:interact_with_crafting_table":5,"minecraft:open_barrel":21,"minecraft:open_chest":12,"minecraft:crouch_one_cm":7923,"minecraft:play_time":34161,"minecraft:deaths":3,"minecraft:sneak_time":5608,"minecraft:jump":116,"minecraft:time_since_death":3149,"minecraft:total_world_time":34161,"minecraft:climb_one_cm":1396,"minecraft:interact_with_smoker":8,"minecraft:fall_one_cm":2561},"minecraft:killed_by":{"antlers:wendigo":2},"minecraft:mined":{"minecraft:hay_block":15,"minecraft:deepslate_brick_slab":1,"minecraft:scaffolding":2,"antlers:sheep_corpse":1,"minecraft:red_bed":1,"minecraft:candle":1,"minecraft:iron_ore":1,"minecraft:turtle_egg":1,"minecraft:barrel":1,"minecraft:smoker":2,"minecraft:spruce_log":3,"minecraft:stripped_spruce_log":1,"antlers:bloody_fox":2,"treechop:chopped_log":2,"minecraft:muddy_mangrove_roots":1,"minecraft:spruce_trapdoor":2,"minecraft:crafting_table":1,"minecraft:ladder":3,"minecraft:coal_ore":7,"minecraft:jungle_planks":3,"minecraft:cobblestone":1,"minecraft:stone":15},"minecraft:crafted":{"minecraft:cooked_beef":2,"minecraft:crafting_table":2,"minecraft:spruce_planks":16,"minecraft:stick":4,"minecraft:wooden_pickaxe":1,"minecraft:stone_pickaxe":3,"farmersdelight:cooked_bacon":2,"croptopia:toast":18,"farmersdelight:smoked_ham":1,"minecraft:stone_axe":1,"minecraft:bread":42,"minecraft:air":0,"minecraft:cooked_mutton":3,"minecraft:wheat":135}},"DataVersion":3465}