{"stats":{"minecraft:crafted":{"minecraft:cherry_planks":48,"minecraft:charcoal":4,"minecraft:iron_axe":1,"minecraft:iron_pickaxe":1,"minecraft:iron_sword":1,"minecraft:iron_shovel":9,"minecraft:furnace":2,"quark:cherry_chest":6,"minecraft:bread":12,"minecraft:smoker":1},"minecraft:used":{"minecraft:wheat_seeds":5,"minecraft:iron_shovel":2320,"minecraft:iron_axe":59,"minecraft:bread":3,"minecraft:stone_pickaxe":16,"minecraft:iron_pickaxe":29,"minecraft:stone":4,"minecraft:cobblestone":2,"minecraft:dirt":58,"quark:cherry_chest":6,"croptopia:peach":5,"minecraft:crafting_table":1,"minecraft:furnace":1,"minecraft:white_bed":1,"minecraft:smoker":1},"minecraft:custom":{"minecraft:time_since_rest":5343,"minecraft:interact_with_furnace":4,"minecraft:sprint_one_cm":36690,"minecraft:damage_taken":2,"minecraft:walk_one_cm":300332,"minecraft:damage_dealt":205,"minecraft:interact_with_crafting_table":15,"minecraft:fly_one_cm":155108,"minecraft:open_chest":48,"minecraft:crouch_one_cm":226,"minecraft:play_time":89191,"minecraft:sneak_time":224,"minecraft:jump":229,"minecraft:time_since_death":89191,"minecraft:sleep_in_bed":8,"minecraft:interact_with_smoker":2,"minecraft:climb_one_cm":1678,"minecraft:total_world_time":89191,"minecraft:fall_one_cm":269},"minecraft:broken":{"minecraft:iron_shovel":9},"minecraft:mined":{"minecraft:pink_petals":7,"minecraft:iron_ore":7,"minecraft:wheat":5,"born_in_chaos_v1:river_mint":2,"treechop:chopped_log":5,"minecraft:peony":1,"minecraft:grass":29,"minecraft:grass_block":889,"minecraft:dirt":1414,"quark:hollow_cherry_log":4,"minecraft:cobblestone":2,"minecraft:tall_grass":16,"minecraft:stone":20},"minecraft:picked_up":{"minecraft:pink_petals":132,"minecraft:stick":29,"minecraft:raw_iron":7,"minecraft:wheat":63,"born_in_chaos_v1:river_mint":4,"croptopia:peach":11,"minecraft:dandelion":6,"alexsmobs:bison_fur":2,"minecraft:potato":34,"minecraft:oak_log":8,"minecraft:cherry_log":70,"minecraft:carrot":59,"minecraft:cornflower":2,"minecraft:dirt":2293,"minecraft:moss_carpet":3,"minecraft:beetroot":4,"minecraft:beetroot_seeds":9,"quark:hollow_cherry_log":4,"minecraft:peony":3,"minecraft:wheat_seeds":337,"minecraft:beef":6,"bettermcdonaldsmod:lettuce_seeds":22,"minecraft:white_tulip":4,"minecraft:cherry_sapling":31,"minecraft:pink_tulip":1,"bettermcdonaldsmod:tomato_seeds":28,"minecraft:oak_sapling":1,"minecraft:cobblestone":22,"minecraft:oxeye_daisy":2}},"DataVersion":3465}