{"stats":{"minecraft:broken":{"minecraft:stone_pickaxe":2,"minecraft:iron_shovel":15,"minecraft:iron_pickaxe":1,"minecraft:stone_shovel":25},"minecraft:used":{"minecraft:wheat_seeds":5,"minecraft:cobblestone_stairs":6,"minecraft:iron_shovel":3801,"minecraft:stone_pickaxe":340,"minecraft:stone_shovel":3356,"minecraft:stone":4,"minecraft:iron_sword":27,"minecraft:torch":3,"quark:cherry_chest":13,"minecraft:dirt":233,"minecraft:crafting_table":1,"minecraft:white_bed":2,"minecraft:smoker":1,"minecraft:bread":3,"minecraft:iron_axe":144,"minecraft:iron_pickaxe":250,"minecraft:gravel":4,"croptopia:toast":2,"croptopia:peach":5,"minecraft:cobblestone":414,"minecraft:furnace":1,"tombstone:gift":4},"minecraft:killed":{"minecraft:spider":2,"born_in_chaos_v1:maggot":1,"apollyon:the_damned":1},"minecraft:picked_up":{"minecraft:pink_petals":194,"minecraft:wheat":63,"minecraft:azure_bluet":2,"born_in_chaos_v1:river_mint":20,"croptopia:peach":11,"minecraft:potato":34,"minecraft:wither_rose":1,"alexsmobs:bison_fur":2,"minecraft:oak_log":13,"minecraft:cornflower":4,"minecraft:dirt":7075,"minecraft:string":1,"minecraft:moss_carpet":3,"minecraft:beetroot":4,"minecraft:wheat_seeds":496,"minecraft:white_tulip":4,"minecraft:beef":6,"bettermcdonaldsmod:tomato_seeds":54,"minecraft:poppy":5,"minecraft:bamboo":9,"minecraft:stick":94,"minecraft:raw_iron":7,"quark:cherry_chest":1,"minecraft:dandelion":15,"minecraft:gravel":26,"minecraft:cherry_log":186,"minecraft:white_bed":1,"minecraft:carrot":59,"minecraft:mossy_cobblestone":14,"minecraft:rotten_flesh":2,"minecraft:peony":4,"minecraft:beetroot_seeds":9,"quark:hollow_cherry_log":4,"bettermcdonaldsmod:lettuce_seeds":51,"croptopia:orange":10,"minecraft:cherry_sapling":105,"minecraft:pink_tulip":1,"supplementaries:ash":1,"minecraft:oak_sapling":1,"minecraft:coal":33,"minecraft:cobblestone":518,"minecraft:oxeye_daisy":3},"minecraft:custom":{"minecraft:interact_with_furnace":15,"minecraft:mob_kills":4,"minecraft:interact_with_crafting_table":31,"minecraft:leave_game":2,"minecraft:time_since_death":59477,"minecraft:sleep_in_bed":19,"minecraft:climb_one_cm":1678,"minecraft:time_since_rest":7964,"minecraft:sprint_one_cm":95487,"minecraft:damage_taken":1844,"minecraft:walk_one_cm":679268,"minecraft:damage_dealt":1538,"minecraft:fly_one_cm":269495,"minecraft:open_chest":163,"minecraft:crouch_one_cm":385,"minecraft:play_time":234392,"minecraft:deaths":6,"minecraft:sneak_time":488,"minecraft:jump":592,"minecraft:interact_with_smoker":18,"minecraft:total_world_time":234392,"minecraft:fall_one_cm":2599},"minecraft:killed_by":{"minecraft:zombie":1},"minecraft:mined":{"minecraft:white_bed":1,"quark:cherry_chest":1,"minecraft:mossy_cobblestone":14,"minecraft:grass_block":2975,"quark:hollow_cherry_log":4,"minecraft:tall_grass":39,"minecraft:cobblestone":31,"minecraft:pink_petals":10,"minecraft:iron_ore":7,"minecraft:wheat":5,"born_in_chaos_v1:river_mint":2,"treechop:chopped_log":14,"antlers:bloody_pig":1,"minecraft:peony":1,"minecraft:grass":70,"minecraft:coal_ore":33,"minecraft:gravel":26,"minecraft:dirt":4140,"minecraft:stone":487},"minecraft:crafted":{"minecraft:cooked_beef":6,"minecraft:cherry_planks":96,"minecraft:red_dye":5,"minecraft:stone_shovel":29,"minecraft:baked_potato":17,"minecraft:iron_sword":1,"minecraft:furnace":2,"croptopia:toast":30,"minecraft:cobblestone_stairs":8,"minecraft:pink_dye":148,"quark:cherry_chest":12,"minecraft:bread":33,"minecraft:air":0,"minecraft:blue_dye":4,"minecraft:charcoal":37,"minecraft:yellow_dye":15,"minecraft:iron_axe":1,"minecraft:stone_pickaxe":4,"minecraft:iron_ingot":7,"minecraft:iron_pickaxe":1,"minecraft:iron_shovel":14,"minecraft:light_gray_dye":7,"minecraft:torch":12,"minecraft:stone_hoe":1,"minecraft:smoker":1}},"DataVersion":3465}