{"stats":{"minecraft:broken":{"minecraft:stone_pickaxe":2},"minecraft:custom":{"minecraft:mob_kills":3,"minecraft:traded_with_villager":1,"minecraft:interact_with_crafting_table":7,"minecraft:open_barrel":21,"minecraft:damage_dealt_resisted":98,"minecraft:time_since_death":226,"minecraft:climb_one_cm":1396,"minecraft:time_since_rest":1,"minecraft:sprint_one_cm":63216,"minecraft:damage_taken":1784,"minecraft:walk_one_cm":83399,"minecraft:drop":4,"minecraft:damage_dealt":4847,"minecraft:fly_one_cm":65418,"minecraft:open_chest":20,"minecraft:crouch_one_cm":7923,"tombstone:undead_killed":1,"minecraft:play_time":42842,"minecraft:deaths":5,"minecraft:sneak_time":5613,"minecraft:jump":362,"minecraft:interact_with_smoker":8,"minecraft:total_world_time":42842,"minecraft:fall_one_cm":14224},"minecraft:mined":{"minecraft:scaffolding":2,"minecraft:red_bed":2,"minecraft:candle":1,"minecraft:smoker":2,"antlers:bloody_fox":2,"minecraft:crafting_table":2,"minecraft:torch":1,"minecraft:spruce_trapdoor":2,"minecraft:ladder":3,"minecraft:jungle_planks":3,"minecraft:cobblestone":2,"minecraft:hay_block":15,"minecraft:deepslate_brick_slab":1,"antlers:sheep_corpse":1,"minecraft:iron_ore":1,"minecraft:barrel":1,"minecraft:turtle_egg":1,"minecraft:spruce_log":3,"minecraft:stripped_spruce_log":1,"treechop:chopped_log":2,"minecraft:muddy_mangrove_roots":1,"minecraft:coal_ore":7,"minecraft:stone":15,"antlers:bloody_cow":1},"minecraft:crafted":{"minecraft:cooked_beef":2,"minecraft:crafting_table":2,"minecraft:spruce_planks":16,"minecraft:wooden_pickaxe":1,"croptopia:toast":18,"farmersdelight:smoked_ham":1,"minecraft:stone_axe":1,"minecraft:bread":42,"minecraft:cooked_mutton":3,"minecraft:air":0,"minecraft:iron_axe":1,"minecraft:stick":4,"minecraft:stone_pickaxe":4,"farmersdelight:cooked_bacon":2,"minecraft:wheat":135},"minecraft:killed":{"born_in_chaos_v1:bonescaller":1,"antlers:wendigomad":1},"minecraft:killed_by":{"antlers:wendigo":2},"minecraft:used":{"minecraft:stone_pickaxe":193,"minecraft:wooden_pickaxe":16,"minecraft:stripped_jungle_wood":1,"minecraft:crafting_table":3,"minecraft:red_bed":2,"minecraft:deepslate_brick_slab":1,"minecraft:smoker":1,"minecraft:spruce_log":3,"minecraft:stripped_spruce_log":2,"minecraft:muddy_mangrove_roots":1,"minecraft:iron_axe":9,"minecraft:stone_axe":53,"croptopia:toast":3,"minecraft:cobblestone":2,"minecraft:scaffolding":2,"tombstone:gift":2,"minecraft:cooked_beef":2},"minecraft:dropped":{"minecraft:iron_helmet":3,"minecraft:rotten_flesh":3},"minecraft:picked_up":{"minecraft:crafting_table":2,"minecraft:muddy_mangrove_roots":1,"minecraft:smoker":2,"minecraft:red_bed":2,"minecraft:bone":2,"minecraft:candle":2,"minecraft:deepslate_brick_slab":1,"minecraft:scaffolding":2,"minecraft:dark_oak_sapling":2,"minecraft:stick":9,"minecraft:raw_iron":1,"minecraft:torch":2,"minecraft:stripped_spruce_log":2,"minecraft:spruce_sapling":5,"minecraft:spruce_log":25,"minecraft:barrel":1,"minecraft:rotten_flesh":12,"minecraft:iron_helmet":2,"minecraft:hay_block":15,"minecraft:stripped_jungle_wood":1,"minecraft:coal":15,"minecraft:cobblestone":17}},"DataVersion":3465}