{"stats":{"minecraft:crafted":{"minecraft:cherry_planks":32,"minecraft:iron_axe":1,"minecraft:iron_sword":1,"minecraft:iron_shovel":2,"quark:cherry_chest":4},"minecraft:used":{"minecraft:iron_shovel":606,"minecraft:iron_axe":47,"minecraft:stone_pickaxe":16,"minecraft:stone":4,"minecraft:dirt":38,"quark:cherry_chest":4,"minecraft:crafting_table":1,"minecraft:white_bed":1},"minecraft:custom":{"minecraft:time_since_rest":7234,"minecraft:sprint_one_cm":12058,"minecraft:damage_taken":1,"minecraft:walk_one_cm":164560,"minecraft:damage_dealt":205,"minecraft:interact_with_crafting_table":7,"minecraft:fly_one_cm":116510,"minecraft:open_chest":6,"minecraft:crouch_one_cm":126,"minecraft:play_time":53191,"minecraft:sneak_time":172,"minecraft:jump":82,"minecraft:time_since_death":53191,"minecraft:sleep_in_bed":4,"minecraft:total_world_time":53191,"minecraft:fall_one_cm":269},"minecraft:broken":{"minecraft:iron_shovel":2},"minecraft:mined":{"minecraft:pink_petals":2,"treechop:chopped_log":4,"minecraft:peony":1,"minecraft:grass":1,"minecraft:grass_block":228,"minecraft:dirt":375,"minecraft:tall_grass":2},"minecraft:picked_up":{"minecraft:pink_petals":55,"minecraft:stick":26,"minecraft:dandelion":4,"minecraft:cherry_log":70,"minecraft:carrot":4,"minecraft:cornflower":2,"minecraft:dirt":591,"minecraft:peony":3,"minecraft:wheat_seeds":107,"bettermcdonaldsmod:lettuce_seeds":12,"minecraft:white_tulip":3,"minecraft:cherry_sapling":31,"minecraft:pink_tulip":1,"bettermcdonaldsmod:tomato_seeds":19,"minecraft:oxeye_daisy":2}},"DataVersion":3465}