{"stats":{"minecraft:used":{"minecraft:stone_pickaxe":13,"minecraft:wooden_pickaxe":15,"minecraft:stripped_jungle_wood":1,"minecraft:stone_axe":18,"minecraft:crafting_table":1,"minecraft:stripped_spruce_log":1,"minecraft:smoker":1},"minecraft:picked_up":{"minecraft:scaffolding":1,"minecraft:dark_oak_sapling":2,"minecraft:crafting_table":1,"minecraft:stick":8,"minecraft:raw_iron":1,"minecraft:smoker":1,"minecraft:stripped_spruce_log":2,"minecraft:spruce_sapling":5,"minecraft:spruce_log":22,"minecraft:barrel":1,"minecraft:red_bed":1,"minecraft:rotten_flesh":9,"minecraft:deepslate_brick_slab":1,"minecraft:hay_block":15,"minecraft:stripped_jungle_wood":1,"minecraft:coal":13,"minecraft:cobblestone":15},"minecraft:custom":{"minecraft:time_since_rest":2508,"minecraft:sprint_one_cm":16907,"minecraft:damage_taken":614,"minecraft:walk_one_cm":50848,"minecraft:damage_dealt":39,"minecraft:fly_one_cm":9397,"minecraft:interact_with_crafting_table":2,"minecraft:open_barrel":17,"minecraft:open_chest":5,"minecraft:crouch_one_cm":1802,"minecraft:play_time":22161,"minecraft:deaths":2,"minecraft:sneak_time":1429,"minecraft:jump":86,"minecraft:time_since_death":3862,"minecraft:total_world_time":22161,"minecraft:climb_one_cm":1396,"minecraft:interact_with_smoker":5,"minecraft:fall_one_cm":1103},"minecraft:killed_by":{"antlers:wendigo":2},"minecraft:mined":{"minecraft:hay_block":15,"minecraft:deepslate_brick_slab":1,"minecraft:scaffolding":1,"antlers:sheep_corpse":1,"minecraft:red_bed":1,"minecraft:iron_ore":1,"minecraft:barrel":1,"minecraft:smoker":1,"minecraft:stripped_spruce_log":1,"antlers:bloody_fox":2,"treechop:chopped_log":2,"minecraft:spruce_trapdoor":2,"minecraft:crafting_table":1,"minecraft:ladder":3,"minecraft:coal_ore":7,"minecraft:jungle_planks":3,"minecraft:stone":15},"minecraft:crafted":{"minecraft:cooked_beef":2,"minecraft:crafting_table":1,"minecraft:spruce_planks":12,"minecraft:stick":4,"minecraft:wooden_pickaxe":1,"minecraft:stone_pickaxe":1,"farmersdelight:cooked_bacon":2,"minecraft:stone_axe":1,"minecraft:air":0,"minecraft:cooked_mutton":3}},"DataVersion":3465}