{"stats":{"minecraft:broken":{"minecraft:iron_shovel":15,"minecraft:stone_pickaxe":2,"minecraft:iron_pickaxe":1,"minecraft:stone_shovel":25},"minecraft:custom":{"minecraft:interact_with_smithing_table":1,"minecraft:mob_kills":13,"minecraft:interact_with_anvil":7,"minecraft:interact_with_crafting_table":38,"minecraft:leave_game":3,"minecraft:time_since_death":134832,"minecraft:climb_one_cm":1906,"minecraft:sprint_one_cm":128470,"minecraft:walk_one_cm":929195,"minecraft:drop":1,"minecraft:talked_to_villager":3,"minecraft:play_time":309747,"minecraft:deaths":6,"minecraft:sneak_time":1142,"minecraft:jump":831,"minecraft:enchant_item":21,"minecraft:total_world_time":309747,"minecraft:interact_with_furnace":15,"tombstone:raider_killed":5,"minecraft:traded_with_villager":3,"minecraft:raid_trigger":1,"minecraft:sleep_in_bed":22,"minecraft:time_since_rest":9884,"minecraft:damage_taken":2172,"minecraft:damage_dealt":4481,"minecraft:fly_one_cm":455136,"minecraft:open_chest":178,"minecraft:crouch_one_cm":1666,"tombstone:undead_killed":1,"minecraft:interact_with_smoker":18,"minecraft:fall_one_cm":5144},"minecraft:mined":{"minecraft:white_bed":1,"minecraft:mossy_cobblestone":14,"quark:cherry_chest":1,"minecraft:grass_block":3998,"minecraft:iron_ore":7,"treechop:chopped_log":52,"minecraft:peony":1,"minecraft:dirt_path":5,"minecraft:oak_stairs":5,"minecraft:bamboo":2,"minecraft:stone":487,"minecraft:white_tulip":1,"minecraft:crafting_table":1,"quark:hollow_cherry_log":18,"minecraft:tall_grass":51,"minecraft:cobblestone":33,"minecraft:pink_petals":18,"minecraft:coarse_dirt":3,"minecraft:wheat":5,"born_in_chaos_v1:river_mint":2,"antlers:bloody_pig":1,"minecraft:grass":102,"minecraft:coal_ore":33,"minecraft:gravel":29,"minecraft:dirt":4654},"minecraft:crafted":{"minecraft:cherry_planks":96,"minecraft:oak_planks":108,"minecraft:stone_shovel":29,"minecraft:furnace":2,"croptopia:toast":30,"minecraft:cobblestone_stairs":8,"quark:cherry_chest":12,"minecraft:pink_dye":148,"minecraft:iron_axe":1,"minecraft:stone_pickaxe":4,"minecraft:stone_hoe":1,"minecraft:smoker":1,"minecraft:cooked_beef":6,"minecraft:red_dye":5,"quark:pathfinders_quill":1,"minecraft:baked_potato":17,"minecraft:iron_sword":1,"minecraft:stone_axe":3,"minecraft:bread":33,"minecraft:air":0,"biomesoplenty:fir_sapling":1,"minecraft:blue_dye":4,"irons_spellbooks:fireward_ring":1,"minecraft:yellow_dye":15,"minecraft:charcoal":37,"minecraft:iron_ingot":7,"minecraft:iron_pickaxe":1,"minecraft:oak_stairs":72,"minecraft:iron_shovel":14,"minecraft:light_gray_dye":7,"minecraft:torch":12},"minecraft:killed":{"minecraft:spider":2,"born_in_chaos_v1:maggot":1,"born_in_chaos_v1:barrel_zombie":1,"minecraft:creeper":2,"minecraft:pillager":5,"apollyon:the_damned":2},"minecraft:killed_by":{"minecraft:zombie":1},"minecraft:used":{"minecraft:oak_trapdoor":11,"minecraft:enchanting_table":2,"minecraft:iron_shovel":5387,"minecraft:stone_shovel":3356,"minecraft:stone":542,"minecraft:iron_sword":74,"minecraft:torch":3,"minecraft:dirt":374,"quark:cherry_chest":13,"minecraft:anvil":2,"minecraft:coal_ore":11,"minecraft:bookshelf":72,"minecraft:lantern":3,"minecraft:iron_axe":483,"minecraft:oak_stairs":179,"croptopia:peach":5,"minecraft:furnace":1,"tombstone:gift":4,"minecraft:wheat_seeds":5,"minecraft:cobblestone_stairs":8,"minecraft:stone_pickaxe":342,"minecraft:baked_potato":5,"minecraft:oak_planks":173,"minecraft:crafting_table":2,"minecraft:white_bed":2,"quark:vertical_oak_planks":81,"minecraft:smoker":1,"minecraft:oak_log":11,"minecraft:bread":3,"minecraft:iron_pickaxe":250,"minecraft:gravel":34,"minecraft:stone_axe":81,"croptopia:toast":2,"minecraft:cobblestone":451,"minecraft:white_banner":1,"minecraft:smithing_table":2},"minecraft:dropped":{"minecraft:gunpowder":1},"minecraft:picked_up":{"minecraft:coarse_dirt":3,"minecraft:crafting_table":1,"minecraft:wheat":63,"minecraft:azure_bluet":2,"born_in_chaos_v1:river_mint":20,"croptopia:peach":11,"minecraft:lead":2,"minecraft:oak_stairs":5,"minecraft:wither_rose":1,"minecraft:cornflower":4,"minecraft:string":1,"minecraft:moss_carpet":15,"minecraft:pufferfish":1,"minecraft:beetroot":4,"minecraft:beef":6,"minecraft:white_tulip":4,"minecraft:poppy":6,"minecraft:birch_sapling":8,"minecraft:stick":311,"minecraft:raw_iron":7,"quark:cherry_chest":1,"minecraft:torch":2,"minecraft:cherry_log":631,"minecraft:carrot":66,"minecraft:rotten_flesh":3,"minecraft:beetroot_seeds":9,"minecraft:peony":5,"quark:hollow_cherry_log":18,"minecraft:pink_tulip":2,"supplementaries:ash":1,"minecraft:oxeye_daisy":3,"minecraft:cobblestone":520,"minecraft:birch_log":26,"minecraft:pink_petals":445,"minecraft:salmon":1,"minecraft:leather":1,"minecraft:potato":34,"alexsmobs:bison_fur":2,"minecraft:flint":2,"minecraft:oak_log":67,"minecraft:gunpowder":2,"minecraft:dirt":8552,"minecraft:white_banner":2,"minecraft:apple":3,"minecraft:wheat_seeds":577,"bettermcdonaldsmod:tomato_seeds":70,"minecraft:bamboo":67,"minecraft:dandelion":15,"minecraft:poisonous_potato":1,"minecraft:gravel":26,"minecraft:ink_sac":2,"minecraft:white_bed":1,"minecraft:mossy_cobblestone":14,"minecraft:chainmail_leggings":1,"croptopia:orange":10,"bettermcdonaldsmod:lettuce_seeds":61,"minecraft:cherry_sapling":375,"minecraft:oak_sapling":11,"minecraft:coal":33}},"DataVersion":3465}