{"stats":{"minecraft:crafted":{"minecraft:cooked_beef":6,"minecraft:cherry_planks":64,"minecraft:red_dye":4,"minecraft:stone_shovel":6,"minecraft:baked_potato":17,"minecraft:iron_sword":1,"minecraft:furnace":2,"croptopia:toast":30,"quark:cherry_chest":8,"minecraft:pink_dye":148,"minecraft:bread":33,"minecraft:air":0,"minecraft:blue_dye":4,"minecraft:charcoal":37,"minecraft:yellow_dye":13,"minecraft:iron_axe":1,"minecraft:iron_ingot":7,"minecraft:iron_pickaxe":1,"minecraft:iron_shovel":14,"minecraft:light_gray_dye":7,"minecraft:smoker":1},"minecraft:used":{"minecraft:wheat_seeds":5,"minecraft:iron_shovel":3801,"minecraft:stone_shovel":129,"minecraft:stone_pickaxe":16,"minecraft:stone":4,"quark:cherry_chest":8,"minecraft:dirt":149,"minecraft:crafting_table":1,"minecraft:white_bed":1,"minecraft:smoker":1,"minecraft:iron_axe":144,"minecraft:bread":3,"minecraft:iron_pickaxe":120,"croptopia:peach":5,"minecraft:cobblestone":3,"minecraft:furnace":1},"minecraft:custom":{"minecraft:interact_with_furnace":14,"minecraft:interact_with_crafting_table":21,"minecraft:time_since_death":125191,"minecraft:sleep_in_bed":11,"minecraft:climb_one_cm":1678,"minecraft:time_since_rest":2726,"minecraft:sprint_one_cm":56788,"minecraft:damage_taken":2,"minecraft:walk_one_cm":456731,"minecraft:damage_dealt":205,"minecraft:fly_one_cm":184169,"minecraft:open_chest":111,"minecraft:crouch_one_cm":311,"minecraft:play_time":125191,"minecraft:sneak_time":394,"minecraft:jump":325,"minecraft:total_world_time":125191,"minecraft:interact_with_smoker":16,"minecraft:fall_one_cm":1314},"minecraft:broken":{"minecraft:iron_shovel":15},"minecraft:mined":{"minecraft:mossy_cobblestone":14,"minecraft:grass_block":1745,"quark:hollow_cherry_log":4,"minecraft:tall_grass":28,"minecraft:cobblestone":3,"minecraft:pink_petals":7,"minecraft:iron_ore":7,"minecraft:wheat":5,"born_in_chaos_v1:river_mint":2,"treechop:chopped_log":14,"minecraft:peony":1,"minecraft:grass":52,"minecraft:gravel":4,"minecraft:dirt":2152,"minecraft:stone":96},"minecraft:picked_up":{"minecraft:pink_petals":141,"minecraft:wheat":63,"minecraft:azure_bluet":2,"born_in_chaos_v1:river_mint":16,"croptopia:peach":11,"minecraft:potato":34,"alexsmobs:bison_fur":2,"minecraft:oak_log":13,"minecraft:cornflower":4,"minecraft:dirt":3889,"minecraft:string":1,"minecraft:moss_carpet":3,"minecraft:beetroot":4,"minecraft:wheat_seeds":414,"minecraft:white_tulip":4,"minecraft:beef":6,"bettermcdonaldsmod:tomato_seeds":40,"minecraft:poppy":5,"minecraft:stick":94,"minecraft:raw_iron":7,"minecraft:dandelion":13,"minecraft:gravel":4,"minecraft:cherry_log":186,"minecraft:carrot":59,"minecraft:mossy_cobblestone":14,"minecraft:beetroot_seeds":9,"minecraft:peony":3,"quark:hollow_cherry_log":4,"croptopia:orange":10,"bettermcdonaldsmod:lettuce_seeds":35,"minecraft:cherry_sapling":105,"minecraft:pink_tulip":1,"minecraft:oak_sapling":1,"minecraft:cobblestone":99,"minecraft:oxeye_daisy":3}},"DataVersion":3465}