{"stats":{"minecraft:broken":{"minecraft:stone_pickaxe":2},"minecraft:custom":{"minecraft:mob_kills":3,"minecraft:traded_with_villager":1,"minecraft:interact_with_crafting_table":7,"minecraft:open_barrel":33,"minecraft:damage_dealt_resisted":98,"minecraft:time_since_death":11379,"minecraft:sleep_in_bed":1,"minecraft:climb_one_cm":1878,"minecraft:time_since_rest":9247,"minecraft:sprint_one_cm":119635,"minecraft:damage_taken":3335,"minecraft:walk_one_cm":117756,"minecraft:drop":16,"minecraft:damage_dealt":4860,"minecraft:swim_one_cm":3480,"minecraft:fly_one_cm":198031,"minecraft:open_chest":25,"minecraft:crouch_one_cm":7923,"tombstone:undead_killed":1,"minecraft:play_time":150842,"minecraft:deaths":9,"minecraft:sneak_time":5614,"minecraft:walk_under_water_one_cm":404,"minecraft:jump":781,"minecraft:walk_on_water_one_cm":3812,"minecraft:interact_with_smoker":10,"minecraft:total_world_time":150842,"minecraft:fall_one_cm":28363},"minecraft:mined":{"minecraft:scaffolding":2,"minecraft:red_bed":4,"minecraft:candle":1,"minecraft:smoker":3,"antlers:bloody_fox":2,"minecraft:powder_snow":15,"minecraft:crafting_table":2,"minecraft:torch":1,"minecraft:spruce_trapdoor":2,"minecraft:ladder":3,"minecraft:jungle_planks":3,"minecraft:cobblestone":2,"minecraft:hay_block":15,"minecraft:deepslate_brick_slab":1,"antlers:sheep_corpse":1,"minecraft:iron_ore":1,"minecraft:barrel":2,"minecraft:turtle_egg":1,"minecraft:ice":3,"minecraft:spruce_log":5,"minecraft:stripped_spruce_log":1,"treechop:chopped_log":2,"minecraft:muddy_mangrove_roots":1,"minecraft:coal_ore":7,"minecraft:iron_bars":2,"minecraft:gravel":2,"minecraft:stone":15,"antlers:bloody_cow":1},"minecraft:crafted":{"minecraft:cooked_beef":2,"minecraft:crafting_table":2,"minecraft:spruce_planks":16,"minecraft:wooden_pickaxe":1,"croptopia:toast":24,"farmersdelight:smoked_ham":1,"minecraft:stone_axe":1,"minecraft:bread":42,"minecraft:cooked_mutton":3,"minecraft:air":0,"minecraft:iron_axe":1,"minecraft:stick":4,"minecraft:stone_pickaxe":4,"farmersdelight:cooked_bacon":2,"minecraft:wheat":135},"minecraft:killed":{"born_in_chaos_v1:bonescaller":1,"antlers:wendigomad":1},"minecraft:killed_by":{"antlers:wendigo":4},"minecraft:used":{"minecraft:iron_bars":2,"minecraft:flint_and_steel":13,"minecraft:stone_pickaxe":198,"minecraft:wooden_pickaxe":16,"minecraft:stripped_jungle_wood":1,"minecraft:torch":2,"minecraft:crafting_table":4,"minecraft:red_bed":4,"minecraft:deepslate_brick_slab":1,"minecraft:smoker":3,"minecraft:spruce_log":25,"minecraft:stripped_spruce_log":2,"minecraft:muddy_mangrove_roots":1,"minecraft:iron_axe":14,"minecraft:stone_axe":53,"croptopia:toast":3,"minecraft:cobblestone":2,"minecraft:scaffolding":2,"minecraft:cooked_porkchop":1,"tombstone:gift":5,"minecraft:cooked_beef":2},"minecraft:picked_up":{"minecraft:crafting_table":2,"minecraft:muddy_mangrove_roots":1,"born_in_chaos_v1:spiritual_dust":3,"born_in_chaos_v1:seedof_chaos":2,"minecraft:potato":17,"minecraft:smoker":3,"minecraft:red_bed":4,"minecraft:bone":2,"minecraft:candle":2,"minecraft:deepslate_brick_slab":1,"minecraft:scaffolding":2,"minecraft:dark_oak_sapling":2,"minecraft:stick":9,"minecraft:raw_iron":1,"minecraft:torch":2,"minecraft:gravel":4,"minecraft:stripped_spruce_log":2,"minecraft:spruce_sapling":5,"tombstone:grave_dust":2,"minecraft:spruce_log":52,"minecraft:barrel":1,"minecraft:rotten_flesh":12,"minecraft:iron_helmet":2,"minecraft:hay_block":15,"minecraft:stripped_jungle_wood":1,"alexsmobs:maggot":2,"supplementaries:ash":2,"minecraft:iron_bars":2,"minecraft:coal":15,"minecraft:cobblestone":17},"minecraft:dropped":{"minecraft:gravel":2,"alexsmobs:maggot":2,"minecraft:iron_helmet":3,"minecraft:rotten_flesh":3,"antlers:tomahawkitem":11,"minecraft:coal":2,"supplementaries:ash":2,"mca:book_romance":1,"tombstone:grave_dust":4,"minecraft:bone":2}},"DataVersion":3465}