{"stats":{"minecraft:dropped":{"minecraft:oak_slab":8,"minecraft:wheat_seeds":132,"minecraft:oak_fence":4,"minecraft:iron_helmet":3,"antlers:tomahawkitem":11,"minecraft:leather":1,"minecraft:coal":2,"minecraft:red_carpet":2,"minecraft:oxeye_daisy":2,"minecraft:dirt":5,"mca:book_romance":1,"minecraft:stone_button":4,"tombstone:grave_dust":4,"minecraft:oak_stairs":2,"iceandfire:ash":4,"minecraft:string":5,"minecraft:dandelion":2,"minecraft:bone":2,"minecraft:oak_door":3,"minecraft:gravel":2,"alexsmobs:maggot":2,"croptopia:toast":2,"minecraft:rotten_flesh":9,"minecraft:oak_planks":9,"supplementaries:ash":2,"minecraft:stone_bricks":6,"minecraft:stone_brick_stairs":3},"minecraft:killed":{"born_in_chaos_v1:bonescaller":1,"antlers:wendigomad":2,"minecraft:cow":3},"minecraft:used":{"minecraft:iron_bars":6,"minecraft:flint_and_steel":22,"minecraft:stripped_jungle_wood":1,"minecraft:oak_door":3,"minecraft:torch":19,"minecraft:dirt":22,"minecraft:deepslate_brick_slab":1,"minecraft:stripped_spruce_log":2,"minecraft:bricks":1,"quark:spruce_chest":1,"minecraft:iron_axe":129,"minecraft:muddy_mangrove_roots":1,"minecraft:scaffolding":2,"minecraft:furnace":1,"tombstone:gift":5,"minecraft:cooked_beef":2,"minecraft:cooked_mutton":3,"minecraft:stone_pickaxe":305,"minecraft:oak_planks":4,"minecraft:wooden_pickaxe":16,"minecraft:crafting_table":4,"minecraft:red_bed":12,"minecraft:smoker":3,"minecraft:spruce_log":25,"minecraft:stone_axe":53,"croptopia:toast":8,"minecraft:cobblestone":2,"minecraft:cooked_porkchop":1,"quark:oak_chest":1},"minecraft:mined":{"minecraft:red_carpet":1,"minecraft:candle":1,"minecraft:oak_door":3,"antlers:bloody_fox":2,"minecraft:spruce_trapdoor":2,"minecraft:ladder":3,"minecraft:grass_block":13,"minecraft:jungle_planks":3,"minecraft:spruce_leaves":3,"minecraft:spawner":1,"minecraft:hay_block":15,"minecraft:deepslate_brick_slab":1,"minecraft:furnace":1,"minecraft:iron_ore":1,"minecraft:turtle_egg":1,"minecraft:barrel":2,"minecraft:stripped_spruce_log":1,"treechop:chopped_log":4,"minecraft:vine":1,"minecraft:iron_bars":6,"minecraft:stone":111,"minecraft:scaffolding":2,"minecraft:red_bed":12,"minecraft:smoker":3,"minecraft:powder_snow":15,"minecraft:crafting_table":2,"minecraft:torch":12,"minecraft:cobblestone":2,"minecraft:bricks":3,"antlers:sheep_corpse":1,"minecraft:ice":3,"minecraft:spruce_log":5,"minecraft:birch_leaves":1,"minecraft:muddy_mangrove_roots":1,"minecraft:coal_ore":7,"minecraft:gravel":2,"minecraft:dirt":12,"antlers:bloody_cow":1},"minecraft:killed_by":{"antlers:wendigo":4},"minecraft:broken":{"minecraft:iron_boots":1,"minecraft:stone_pickaxe":3},"minecraft:picked_up":{"minecraft:crafting_table":2,"minecraft:wheat":39,"born_in_chaos_v1:seedof_chaos":2,"minecraft:oak_stairs":2,"minecraft:stone_brick_stairs":3,"minecraft:red_bed":13,"minecraft:candle":2,"minecraft:beef":4,"minecraft:furnace":1,"minecraft:dark_oak_sapling":2,"minecraft:stick":12,"minecraft:raw_iron":1,"iceandfire:dragonbone":8,"minecraft:oak_door":3,"minecraft:oak_fence":3,"minecraft:torch":14,"minecraft:stone_button":4,"tombstone:grave_dust":2,"minecraft:rotten_flesh":14,"minecraft:hay_block":15,"iceandfire:fire_dragon_heart":1,"supplementaries:ash":2,"minecraft:iron_bars":6,"minecraft:cobblestone":113,"minecraft:oxeye_daisy":2,"minecraft:muddy_mangrove_roots":1,"born_in_chaos_v1:spiritual_dust":3,"minecraft:leather":2,"minecraft:smoker":3,"minecraft:potato":17,"paraglider:spirit_orb":2,"minecraft:oak_log":1,"minecraft:dirt":27,"minecraft:red_carpet":2,"minecraft:bone":2,"minecraft:stone_bricks":5,"minecraft:wheat_seeds":132,"minecraft:deepslate_brick_slab":1,"minecraft:oak_planks":5,"iceandfire:fire_dragon_flesh":6,"minecraft:scaffolding":2,"minecraft:oak_slab":6,"iceandfire:ash":3,"minecraft:dandelion":2,"minecraft:gravel":4,"iceandfire:dragon_skull_fire":1,"minecraft:stripped_spruce_log":2,"minecraft:spruce_sapling":14,"minecraft:spruce_log":77,"minecraft:barrel":1,"minecraft:iron_helmet":2,"minecraft:stripped_jungle_wood":1,"alexsmobs:maggot":2,"minecraft:coal":15,"minecraft:bricks":3},"minecraft:custom":{"minecraft:mob_kills":7,"minecraft:animals_bred":1,"minecraft:interact_with_crafting_table":14,"minecraft:open_barrel":33,"minecraft:damage_dealt_resisted":98,"minecraft:time_since_death":17843,"minecraft:climb_one_cm":2448,"minecraft:sprint_one_cm":345492,"minecraft:walk_one_cm":339531,"minecraft:drop":57,"minecraft:play_time":233351,"minecraft:deaths":19,"minecraft:sneak_time":5615,"minecraft:walk_under_water_one_cm":1024,"minecraft:jump":1715,"minecraft:walk_on_water_one_cm":9483,"minecraft:total_world_time":233351,"minecraft:interact_with_furnace":8,"minecraft:traded_with_villager":1,"minecraft:sleep_in_bed":5,"minecraft:time_since_rest":9959,"minecraft:damage_taken":6544,"minecraft:damage_dealt":10657,"minecraft:swim_one_cm":20375,"minecraft:fly_one_cm":400806,"minecraft:open_chest":53,"minecraft:crouch_one_cm":7923,"tombstone:undead_killed":1,"minecraft:interact_with_smoker":15,"minecraft:fall_one_cm":47615},"minecraft:crafted":{"minecraft:oak_door":3,"minecraft:furnace":1,"croptopia:toast":24,"minecraft:cooked_mutton":3,"minecraft:iron_axe":1,"minecraft:stone_pickaxe":4,"quark:spruce_chest":1,"minecraft:wheat":135,"minecraft:cooked_beef":2,"minecraft:crafting_table":2,"minecraft:spruce_planks":28,"minecraft:wooden_pickaxe":1,"farmersdelight:smoked_ham":1,"minecraft:stone_axe":1,"minecraft:bread":42,"minecraft:air":0,"minecraft:charcoal":17,"minecraft:stick":4,"quark:oak_chest":1,"farmersdelight:cooked_bacon":2,"minecraft:torch":40}},"DataVersion":3465}