{"stats":{"minecraft:used":{"minecraft:iron_chestplate":1,"iceandfire:silver_pile":12,"minecraft:dark_oak_log":1,"minecraft:grass_block":26,"minecraft:oak_planks":1,"minecraft:chest":2,"minecraft:iron_boots":1,"minecraft:spruce_log":13},"minecraft:picked_up":{"iceandfire:silver_ingot":8,"minecraft:bone":10,"minecraft:wheat_seeds":14,"bettermcdonaldsmod:lettuce_seeds":4,"minecraft:cobweb":3,"bettermcdonaldsmod:tomato_seeds":3,"minecraft:spruce_log":1,"iceandfire:silver_nugget":56,"iceandfire:manuscript":5},"minecraft:custom":{"minecraft:open_barrel":9,"minecraft:open_chest":13,"minecraft:time_since_rest":5017,"minecraft:crouch_one_cm":191,"minecraft:play_time":53160,"minecraft:sprint_one_cm":2165,"minecraft:walk_one_cm":46277,"minecraft:damage_taken":220,"minecraft:deaths":1,"minecraft:sneak_time":463,"minecraft:walk_under_water_one_cm":8453,"minecraft:jump":52,"minecraft:damage_dealt":122,"minecraft:time_since_death":48253,"minecraft:walk_on_water_one_cm":5730,"minecraft:sleep_in_bed":1,"minecraft:total_world_time":53160,"minecraft:climb_one_cm":1053,"minecraft:swim_one_cm":35801,"minecraft:fall_one_cm":1997,"minecraft:fly_one_cm":469071}},"DataVersion":3465}