{"stats":{"minecraft:broken":{"graveyard:bone_dagger":3,"minecraft:stone_sword":1,"minecraft:iron_sword":1},"minecraft:used":{"minecraft:moss_block":1,"alexsmobs:cooked_catfish":4,"minecraft:iron_bars":6,"minecraft:stone_sword":119,"minecraft:stone_pickaxe":78,"minecraft:ladder":2,"minecraft:wooden_pickaxe":6,"minecraft:iron_sword":239,"minecraft:polished_blackstone_bricks":2,"graveyard:bone_dagger":11,"minecraft:stick":1,"minecraft:torch":1,"minecraft:polished_deepslate_slab":3,"graveyard:small_light_gray_urn":1,"minecraft:loom":2,"minecraft:crafting_table":2,"minecraft:black_bed":1,"minecraft:smoker":2,"minecraft:cracked_polished_blackstone_bricks":1,"graveyard:small_light_blue_urn":1,"minecraft:spruce_trapdoor":1,"minecraft:iron_door":1,"minecraft:barrel":2,"minecraft:soul_lantern":1,"minecraft:cobbled_deepslate_slab":1,"tombstone:gift":3,"graveyard:small_black_urn":3,"minecraft:cobbled_deepslate":7,"minecraft:cobweb":7},"minecraft:dropped":{"minecraft:moss_carpet":1,"born_in_chaos_v1:corpse_maggot":1,"minecraft:stone_pickaxe":1},"minecraft:killed":{"born_in_chaos_v1:maggot":5,"alexsmobs:catfish":1,"graveyard:acolyte":44,"minecraft:zombie":13,"apollyon:the_damned":1},"minecraft:picked_up":{"born_in_chaos_v1:corpse_maggot":1,"minecraft:crafting_table":2,"minecraft:flower_pot":1,"minecraft:chainmail_boots":1,"farmersdelight:rice":5,"minecraft:ladder":2,"minecraft:iron_door":2,"minecraft:jungle_log":5,"minecraft:black_bed":1,"minecraft:leather":13,"minecraft:smoker":3,"minecraft:wither_rose":1,"paraglider:spirit_orb":4,"graveyard:small_light_gray_urn":1,"supplementaries:flax_seeds":7,"minecraft:string":35,"minecraft:moss_carpet":1,"minecraft:iron_shovel":1,"minecraft:bone":20,"minecraft:candle":4,"graveyard:corruption":32,"minecraft:stonecutter":1,"graveyard:small_black_urn":3,"minecraft:cobbled_deepslate":7,"minecraft:cobbled_deepslate_slab":1,"minecraft:spruce_wood":1,"minecraft:beef":8,"minecraft:cobweb":3,"tombstone:bag_of_seeds":2,"minecraft:moss_block":1,"minecraft:sugar_cane":9,"minecraft:iron_sword":2,"minecraft:spruce_trapdoor":1,"graveyard:small_light_blue_urn":1,"minecraft:stick":14,"minecraft:polished_deepslate_slab":3,"graveyard:bone_dagger":3,"minecraft:polished_blackstone_bricks":2,"minecraft:amethyst_shard":34,"minecraft:cookie":5,"tombstone:grave_dust":1,"minecraft:carrot":1,"minecraft:dead_bush":1,"minecraft:loom":3,"minecraft:redstone":1,"minecraft:spectral_arrow":7,"minecraft:barrel":1,"minecraft:purple_candle":3,"alexsmobs:raw_catfish":5,"minecraft:cactus":5,"minecraft:rotten_flesh":3,"minecraft:soul_lantern":1,"minecraft:cracked_polished_blackstone_bricks":5,"graveyard:gray_urn":1,"minecraft:mutton":10,"minecraft:coal":6,"minecraft:iron_bars":8,"biomesoplenty:orange_cosmos":1,"minecraft:crimson_roots":10,"minecraft:cobblestone":5},"minecraft:custom":{"minecraft:mob_kills":64,"minecraft:interact_with_crafting_table":7,"minecraft:open_barrel":54,"minecraft:damage_dealt_resisted":176,"minecraft:leave_game":1,"minecraft:time_since_death":20625,"minecraft:sleep_in_bed":1,"minecraft:climb_one_cm":8166,"minecraft:time_since_rest":11615,"minecraft:damage_taken":1117,"minecraft:sprint_one_cm":38827,"minecraft:walk_one_cm":120004,"minecraft:drop":3,"minecraft:damage_dealt":15689,"minecraft:damage_dealt_absorbed":81,"minecraft:swim_one_cm":4862,"minecraft:fly_one_cm":42430,"minecraft:open_chest":13,"minecraft:play_time":76137,"minecraft:crouch_one_cm":488,"tombstone:undead_killed":13,"minecraft:deaths":3,"minecraft:sneak_time":660,"minecraft:walk_under_water_one_cm":1776,"minecraft:jump":253,"minecraft:walk_on_water_one_cm":7287,"minecraft:total_world_time":76137,"minecraft:interact_with_smoker":7,"minecraft:fall_one_cm":1589},"minecraft:mined":{"biomesoplenty:watergrass":5,"minecraft:light_gray_stained_glass_pane":1,"graveyard:small_black_urn":3,"graveyard:gray_urn":1,"minecraft:crimson_nylium":1,"minecraft:smoker":3,"minecraft:stripped_dark_oak_log":2,"graveyard:small_light_gray_urn":1,"minecraft:potted_dead_bush":1,"minecraft:crafting_table":2,"minecraft:spruce_trapdoor":1,"minecraft:ladder":2,"minecraft:cobbled_deepslate_slab":1,"minecraft:cracked_polished_blackstone_bricks":5,"minecraft:crimson_roots":1,"minecraft:white_stained_glass_pane":1,"minecraft:dead_bush":8,"minecraft:redstone_wire":1,"supplementaries:wild_flax":7,"minecraft:cobblestone":5,"graveyard:skeleton_hand":1,"minecraft:spruce_leaves":1,"minecraft:sugar_cane":3,"minecraft:moss_block":2,"minecraft:iron_door":2,"minecraft:spawner":3,"minecraft:polished_blackstone_bricks":3,"minecraft:tall_seagrass":2,"minecraft:cactus":4,"graveyard:small_light_blue_urn":1,"graveyard:vase_block":1,"graveyard:skull_with_rib_cage":1,"biomesoplenty:orange_cosmos":1,"farmersdelight:wild_rice":5,"minecraft:barrel":2,"minecraft:cobbled_deepslate":7,"treechop:chopped_log":1,"minecraft:black_bed":1,"minecraft:grass":2,"graveyard:creeper_skeleton":1,"supplementaries:stick":1,"minecraft:polished_deepslate_slab":3,"minecraft:iron_bars":8,"minecraft:loom":3,"graveyard:leaning_skeleton":2,"minecraft:cobweb":21,"minecraft:spruce_wood":1,"minecraft:stonecutter":1},"minecraft:crafted":{"minecraft:cooked_beef":8,"sophisticatedbackpacks:backpack":1,"minecraft:crafting_table":1,"minecraft:wooden_pickaxe":1,"quark:jungle_chest":1,"minecraft:iron_sword":1,"minecraft:orange_dye":1,"minecraft:cooked_mutton":10,"minecraft:air":0,"minecraft:jungle_planks":20,"minecraft:stone_pickaxe":1,"minecraft:stone_sword":1,"alexsmobs:cooked_catfish":5,"minecraft:torch":16}},"DataVersion":3465}