{"stats":{"minecraft:crafted":{"minecraft:cooked_beef":6,"minecraft:cherry_planks":64,"minecraft:red_dye":1,"minecraft:baked_potato":17,"minecraft:iron_sword":1,"minecraft:furnace":2,"croptopia:toast":30,"quark:cherry_chest":8,"minecraft:pink_dye":147,"minecraft:bread":33,"minecraft:air":0,"minecraft:blue_dye":2,"minecraft:charcoal":37,"minecraft:yellow_dye":8,"minecraft:iron_axe":1,"minecraft:iron_ingot":7,"minecraft:iron_pickaxe":1,"minecraft:iron_shovel":10,"minecraft:light_gray_dye":6,"minecraft:smoker":1},"minecraft:used":{"minecraft:wheat_seeds":5,"minecraft:iron_shovel":2759,"minecraft:stone_pickaxe":16,"minecraft:stone":4,"quark:cherry_chest":8,"minecraft:dirt":148,"minecraft:crafting_table":1,"minecraft:white_bed":1,"minecraft:smoker":1,"minecraft:iron_axe":59,"minecraft:bread":3,"minecraft:iron_pickaxe":29,"croptopia:peach":5,"minecraft:cobblestone":2,"minecraft:furnace":1},"minecraft:custom":{"minecraft:interact_with_furnace":13,"minecraft:interact_with_crafting_table":19,"minecraft:time_since_death":101191,"minecraft:sleep_in_bed":9,"minecraft:climb_one_cm":1678,"minecraft:time_since_rest":4303,"minecraft:sprint_one_cm":38001,"minecraft:damage_taken":2,"minecraft:walk_one_cm":336988,"minecraft:damage_dealt":205,"minecraft:fly_one_cm":155108,"minecraft:open_chest":79,"minecraft:crouch_one_cm":311,"minecraft:play_time":101191,"minecraft:sneak_time":394,"minecraft:jump":229,"minecraft:total_world_time":101191,"minecraft:interact_with_smoker":15,"minecraft:fall_one_cm":269},"minecraft:broken":{"minecraft:iron_shovel":10},"minecraft:mined":{"minecraft:grass_block":1117,"quark:hollow_cherry_log":4,"minecraft:tall_grass":17,"minecraft:cobblestone":2,"minecraft:pink_petals":7,"minecraft:iron_ore":7,"minecraft:wheat":5,"born_in_chaos_v1:river_mint":2,"treechop:chopped_log":5,"minecraft:peony":1,"minecraft:grass":34,"minecraft:dirt":1638,"minecraft:stone":20},"minecraft:picked_up":{"minecraft:pink_petals":141,"minecraft:wheat":63,"born_in_chaos_v1:river_mint":5,"croptopia:peach":11,"minecraft:potato":34,"alexsmobs:bison_fur":2,"minecraft:oak_log":8,"minecraft:cornflower":2,"minecraft:dirt":2747,"minecraft:string":1,"minecraft:moss_carpet":3,"minecraft:beetroot":4,"minecraft:wheat_seeds":352,"minecraft:white_tulip":4,"minecraft:beef":6,"bettermcdonaldsmod:tomato_seeds":31,"minecraft:poppy":1,"minecraft:stick":29,"minecraft:raw_iron":7,"minecraft:dandelion":8,"minecraft:cherry_log":70,"minecraft:carrot":59,"minecraft:beetroot_seeds":9,"minecraft:peony":3,"quark:hollow_cherry_log":4,"bettermcdonaldsmod:lettuce_seeds":26,"minecraft:cherry_sapling":31,"minecraft:pink_tulip":1,"minecraft:oak_sapling":1,"minecraft:cobblestone":22,"minecraft:oxeye_daisy":2}},"DataVersion":3465}