{"stats":{"minecraft:crafted":{"minecraft:cherry_planks":32,"minecraft:iron_axe":1,"minecraft:iron_sword":1,"minecraft:iron_shovel":7,"quark:cherry_chest":4},"minecraft:used":{"minecraft:iron_shovel":1415,"minecraft:iron_axe":47,"minecraft:stone_pickaxe":16,"minecraft:stone":4,"minecraft:dirt":49,"quark:cherry_chest":4,"minecraft:crafting_table":1,"minecraft:white_bed":1},"minecraft:custom":{"minecraft:time_since_rest":6571,"minecraft:sprint_one_cm":23455,"minecraft:damage_taken":1,"minecraft:walk_one_cm":196940,"minecraft:damage_dealt":205,"minecraft:interact_with_crafting_table":9,"minecraft:fly_one_cm":136207,"minecraft:open_chest":13,"minecraft:crouch_one_cm":126,"minecraft:play_time":65191,"minecraft:sneak_time":172,"minecraft:jump":136,"minecraft:time_since_death":65191,"minecraft:sleep_in_bed":5,"minecraft:total_world_time":65191,"minecraft:fall_one_cm":269},"minecraft:broken":{"minecraft:iron_shovel":5},"minecraft:mined":{"minecraft:pink_petals":3,"treechop:chopped_log":4,"minecraft:peony":1,"minecraft:grass":4,"minecraft:grass_block":546,"minecraft:dirt":859,"minecraft:tall_grass":6},"minecraft:picked_up":{"minecraft:pink_petals":79,"minecraft:stick":26,"minecraft:dandelion":4,"minecraft:cherry_log":70,"minecraft:carrot":4,"minecraft:cornflower":2,"minecraft:dirt":1404,"minecraft:peony":3,"minecraft:wheat_seeds":129,"bettermcdonaldsmod:lettuce_seeds":15,"minecraft:white_tulip":3,"minecraft:cherry_sapling":31,"minecraft:pink_tulip":1,"bettermcdonaldsmod:tomato_seeds":23,"minecraft:oxeye_daisy":2}},"DataVersion":3465}