{"stats":{"minecraft:crafted":{"minecraft:cherry_planks":32,"minecraft:iron_axe":1,"minecraft:iron_sword":1,"minecraft:iron_shovel":7,"quark:cherry_chest":4,"minecraft:bread":12},"minecraft:used":{"minecraft:wheat_seeds":5,"minecraft:iron_shovel":1770,"minecraft:iron_axe":59,"minecraft:stone_pickaxe":16,"minecraft:stone":4,"minecraft:dirt":49,"quark:cherry_chest":4,"croptopia:peach":5,"minecraft:crafting_table":1,"minecraft:white_bed":1},"minecraft:custom":{"minecraft:time_since_rest":6167,"minecraft:sprint_one_cm":23993,"minecraft:damage_taken":1,"minecraft:walk_one_cm":267114,"minecraft:damage_dealt":205,"minecraft:interact_with_crafting_table":11,"minecraft:fly_one_cm":136926,"minecraft:open_chest":24,"minecraft:crouch_one_cm":126,"minecraft:play_time":77191,"minecraft:sneak_time":172,"minecraft:jump":169,"minecraft:time_since_death":77191,"minecraft:sleep_in_bed":6,"minecraft:climb_one_cm":1678,"minecraft:total_world_time":77191,"minecraft:fall_one_cm":269},"minecraft:broken":{"minecraft:iron_shovel":7},"minecraft:mined":{"minecraft:pink_petals":3,"minecraft:wheat":5,"born_in_chaos_v1:river_mint":2,"treechop:chopped_log":5,"minecraft:peony":1,"minecraft:grass":28,"minecraft:grass_block":676,"minecraft:dirt":1083,"quark:hollow_cherry_log":4,"minecraft:tall_grass":15},"minecraft:picked_up":{"minecraft:pink_petals":79,"minecraft:stick":29,"minecraft:wheat":63,"born_in_chaos_v1:river_mint":3,"croptopia:peach":11,"minecraft:dandelion":6,"minecraft:potato":34,"minecraft:oak_log":8,"minecraft:cherry_log":70,"minecraft:carrot":59,"minecraft:cornflower":2,"minecraft:dirt":1758,"minecraft:moss_carpet":2,"minecraft:beetroot":4,"minecraft:beetroot_seeds":9,"quark:hollow_cherry_log":4,"minecraft:peony":3,"minecraft:wheat_seeds":319,"bettermcdonaldsmod:lettuce_seeds":20,"minecraft:white_tulip":3,"minecraft:cherry_sapling":31,"minecraft:pink_tulip":1,"bettermcdonaldsmod:tomato_seeds":27,"minecraft:oak_sapling":1,"minecraft:oxeye_daisy":2}},"DataVersion":3465}