{"stats":{"minecraft:used":{"minecraft:stone_sword":12,"minecraft:stone_pickaxe":5,"minecraft:wooden_pickaxe":6,"minecraft:soul_lantern":1,"minecraft:stick":1,"minecraft:crafting_table":1,"minecraft:cobbled_deepslate":5,"minecraft:cobweb":7},"minecraft:dropped":{"minecraft:moss_carpet":1},"minecraft:killed":{"alexsmobs:catfish":1},"minecraft:picked_up":{"minecraft:stick":14,"farmersdelight:rice":5,"minecraft:flower_pot":1,"minecraft:jungle_log":5,"supplementaries:flax_seeds":7,"minecraft:dead_bush":1,"minecraft:string":12,"minecraft:moss_carpet":1,"alexsmobs:raw_catfish":5,"minecraft:bone":4,"minecraft:cactus":5,"minecraft:soul_lantern":1,"minecraft:cobbled_deepslate":5,"minecraft:sugar_cane":9,"graveyard:small_light_blue_urn":1,"biomesoplenty:orange_cosmos":1,"minecraft:cobblestone":5},"minecraft:custom":{"minecraft:time_since_rest":17564,"minecraft:walk_one_cm":44336,"minecraft:damage_taken":80,"minecraft:sprint_one_cm":27462,"minecraft:mob_kills":1,"minecraft:drop":1,"minecraft:damage_dealt":250,"minecraft:swim_one_cm":4862,"minecraft:interact_with_crafting_table":5,"minecraft:fly_one_cm":18403,"minecraft:open_barrel":11,"minecraft:open_chest":3,"minecraft:crouch_one_cm":169,"minecraft:play_time":17564,"minecraft:sneak_time":88,"minecraft:walk_under_water_one_cm":763,"minecraft:jump":103,"minecraft:walk_on_water_one_cm":4456,"minecraft:time_since_death":17564,"minecraft:total_world_time":17564,"minecraft:interact_with_smoker":1,"minecraft:fall_one_cm":1045},"minecraft:mined":{"graveyard:small_light_blue_urn":1,"minecraft:tall_seagrass":2,"minecraft:cactus":4,"biomesoplenty:watergrass":4,"biomesoplenty:orange_cosmos":1,"farmersdelight:wild_rice":5,"minecraft:cobbled_deepslate":5,"treechop:chopped_log":1,"minecraft:potted_dead_bush":1,"minecraft:grass":2,"graveyard:creeper_skeleton":1,"supplementaries:stick":1,"minecraft:crimson_roots":1,"minecraft:dead_bush":8,"supplementaries:wild_flax":7,"minecraft:cobweb":12,"minecraft:cobblestone":5,"minecraft:moss_block":1,"minecraft:sugar_cane":3},"minecraft:crafted":{"sophisticatedbackpacks:backpack":1,"minecraft:crafting_table":1,"minecraft:wooden_pickaxe":1,"quark:jungle_chest":1,"minecraft:stone_pickaxe":1,"minecraft:stone_sword":1,"minecraft:orange_dye":1,"minecraft:jungle_planks":20}},"DataVersion":3465}