{"stats":{"minecraft:broken":{"minecraft:stone_pickaxe":2,"minecraft:iron_shovel":15,"minecraft:iron_pickaxe":1,"minecraft:stone_shovel":25},"minecraft:custom":{"minecraft:interact_with_furnace":15,"minecraft:mob_kills":9,"tombstone:raider_killed":1,"minecraft:traded_with_villager":3,"minecraft:interact_with_crafting_table":38,"minecraft:leave_game":3,"minecraft:time_since_death":98832,"minecraft:sleep_in_bed":20,"minecraft:climb_one_cm":1906,"minecraft:time_since_rest":34554,"minecraft:sprint_one_cm":106582,"minecraft:damage_taken":1934,"minecraft:walk_one_cm":753031,"minecraft:drop":1,"minecraft:damage_dealt":3569,"minecraft:fly_one_cm":415339,"minecraft:talked_to_villager":3,"minecraft:open_chest":171,"minecraft:crouch_one_cm":1610,"tombstone:undead_killed":1,"minecraft:play_time":273747,"minecraft:deaths":6,"minecraft:sneak_time":1117,"minecraft:jump":678,"minecraft:total_world_time":273747,"minecraft:interact_with_smoker":18,"minecraft:fall_one_cm":4457},"minecraft:mined":{"minecraft:white_bed":1,"quark:cherry_chest":1,"minecraft:mossy_cobblestone":14,"minecraft:crafting_table":1,"minecraft:grass_block":2975,"minecraft:tall_grass":40,"quark:hollow_cherry_log":4,"minecraft:cobblestone":33,"minecraft:pink_petals":10,"minecraft:iron_ore":7,"minecraft:wheat":5,"born_in_chaos_v1:river_mint":2,"treechop:chopped_log":23,"antlers:bloody_pig":1,"minecraft:peony":1,"minecraft:grass":72,"minecraft:coal_ore":33,"minecraft:oak_stairs":5,"minecraft:gravel":26,"minecraft:dirt":4140,"minecraft:stone":487},"minecraft:crafted":{"minecraft:cooked_beef":6,"minecraft:cherry_planks":96,"minecraft:red_dye":5,"minecraft:oak_planks":108,"minecraft:stone_shovel":29,"quark:pathfinders_quill":1,"minecraft:baked_potato":17,"minecraft:iron_sword":1,"minecraft:furnace":2,"croptopia:toast":30,"minecraft:cobblestone_stairs":8,"minecraft:pink_dye":148,"minecraft:stone_axe":3,"quark:cherry_chest":12,"minecraft:bread":33,"minecraft:air":0,"biomesoplenty:fir_sapling":1,"minecraft:blue_dye":4,"irons_spellbooks:fireward_ring":1,"minecraft:charcoal":37,"minecraft:yellow_dye":15,"minecraft:iron_axe":1,"minecraft:iron_ingot":7,"minecraft:iron_pickaxe":1,"minecraft:stone_pickaxe":4,"minecraft:oak_stairs":72,"minecraft:iron_shovel":14,"minecraft:light_gray_dye":7,"minecraft:torch":12,"minecraft:stone_hoe":1,"minecraft:smoker":1},"minecraft:killed":{"minecraft:spider":2,"minecraft:creeper":2,"born_in_chaos_v1:maggot":1,"minecraft:pillager":1,"apollyon:the_damned":2,"born_in_chaos_v1:barrel_zombie":1},"minecraft:killed_by":{"minecraft:zombie":1},"minecraft:used":{"minecraft:wheat_seeds":5,"minecraft:iron_shovel":3801,"minecraft:cobblestone_stairs":8,"minecraft:stone_pickaxe":342,"minecraft:stone_shovel":3356,"minecraft:oak_planks":173,"minecraft:stone":542,"minecraft:iron_sword":59,"minecraft:torch":3,"quark:cherry_chest":13,"minecraft:dirt":369,"minecraft:crafting_table":2,"minecraft:white_bed":2,"quark:vertical_oak_planks":81,"minecraft:smoker":1,"minecraft:oak_log":11,"minecraft:coal_ore":11,"minecraft:iron_pickaxe":250,"minecraft:lantern":3,"minecraft:iron_axe":144,"minecraft:oak_stairs":179,"minecraft:bread":3,"minecraft:gravel":34,"minecraft:stone_axe":81,"croptopia:toast":2,"croptopia:peach":5,"minecraft:cobblestone":451,"minecraft:white_banner":1,"minecraft:furnace":1,"tombstone:gift":4,"minecraft:oak_trapdoor":11},"minecraft:dropped":{"minecraft:gunpowder":1},"minecraft:picked_up":{"minecraft:birch_log":26,"minecraft:pink_petals":250,"minecraft:crafting_table":1,"minecraft:wheat":63,"minecraft:azure_bluet":2,"minecraft:salmon":1,"born_in_chaos_v1:river_mint":20,"croptopia:peach":11,"minecraft:leather":1,"minecraft:lead":2,"minecraft:oak_stairs":5,"minecraft:potato":34,"minecraft:wither_rose":1,"alexsmobs:bison_fur":2,"minecraft:oak_log":67,"minecraft:gunpowder":2,"minecraft:cornflower":4,"minecraft:string":1,"minecraft:dirt":7075,"minecraft:moss_carpet":3,"minecraft:white_banner":1,"minecraft:pufferfish":1,"minecraft:beetroot":4,"minecraft:apple":3,"minecraft:wheat_seeds":506,"minecraft:beef":6,"minecraft:white_tulip":4,"bettermcdonaldsmod:tomato_seeds":57,"minecraft:poppy":5,"minecraft:bamboo":9,"minecraft:birch_sapling":8,"minecraft:stick":101,"minecraft:raw_iron":7,"minecraft:torch":2,"quark:cherry_chest":1,"minecraft:poisonous_potato":1,"minecraft:dandelion":15,"minecraft:gravel":26,"minecraft:cherry_log":186,"minecraft:ink_sac":2,"minecraft:white_bed":1,"minecraft:carrot":65,"minecraft:mossy_cobblestone":14,"minecraft:rotten_flesh":3,"minecraft:beetroot_seeds":9,"minecraft:peony":5,"quark:hollow_cherry_log":4,"minecraft:chainmail_leggings":1,"bettermcdonaldsmod:lettuce_seeds":52,"croptopia:orange":10,"minecraft:cherry_sapling":105,"minecraft:pink_tulip":1,"supplementaries:ash":1,"minecraft:oak_sapling":11,"minecraft:coal":33,"minecraft:cobblestone":520,"minecraft:oxeye_daisy":3}},"DataVersion":3465}