{"stats":{"minecraft:used":{"minecraft:dark_oak_log":1,"minecraft:grass_block":26,"minecraft:oak_planks":1,"minecraft:chest":2,"minecraft:iron_sword":207,"minecraft:iron_boots":1,"minecraft:iron_chestplate":1,"iceandfire:silver_pile":12,"minecraft:spruce_log":13},"minecraft:dropped":{"minecraft:rotten_flesh":4},"minecraft:killed":{"antlers:wendigomad":1,"minecraft:cave_spider":2,"minecraft:zombie":3,"born_in_chaos_v1:bone_imp_minion":9,"born_in_chaos_v1:baby_skeleton":1,"born_in_chaos_v1:bonescaller_not_despawn":2,"minecraft:stray":6,"minecraft:spider":2,"born_in_chaos_v1:supreme_bonescaller_stage_2":1,"born_in_chaos_v1:baby_skeleton_minion":1},"minecraft:picked_up":{"minecraft:tipped_arrow":1,"born_in_chaos_v1:shattered_skull":1,"irons_spellbooks:frozen_bone":12,"born_in_chaos_v1:spiritual_dust":4,"born_in_chaos_v1:seedof_chaos":4,"born_in_chaos_v1:orbofthe_summoner":1,"tombstone:grave_dust":1,"minecraft:spruce_log":1,"minecraft:spider_eye":1,"iceandfire:manuscript":5,"minecraft:string":1,"minecraft:arrow":6,"iceandfire:silver_ingot":8,"minecraft:bone":19,"minecraft:rotten_flesh":5,"minecraft:wheat_seeds":14,"bettermcdonaldsmod:lettuce_seeds":4,"minecraft:cobweb":3,"bettermcdonaldsmod:tomato_seeds":3,"tombstone:magic_scroll":1,"iceandfire:silver_nugget":56},"minecraft:custom":{"minecraft:time_since_rest":24028,"minecraft:sprint_one_cm":2178,"minecraft:damage_taken":220,"minecraft:walk_one_cm":116560,"minecraft:mob_kills":28,"minecraft:drop":3,"minecraft:damage_dealt":9729,"minecraft:swim_one_cm":35801,"minecraft:fly_one_cm":469561,"minecraft:open_barrel":15,"minecraft:open_chest":26,"minecraft:crouch_one_cm":305,"minecraft:play_time":72171,"tombstone:undead_killed":23,"minecraft:deaths":1,"minecraft:sneak_time":1117,"minecraft:walk_under_water_one_cm":8453,"minecraft:interact_with_brewingstand":2,"minecraft:damage_dealt_resisted":1330,"minecraft:jump":66,"minecraft:leave_game":1,"minecraft:time_since_death":67264,"minecraft:walk_on_water_one_cm":5730,"minecraft:sleep_in_bed":1,"minecraft:climb_one_cm":1053,"minecraft:total_world_time":72171,"minecraft:fall_one_cm":1997}},"DataVersion":3465}