{"stats":{"minecraft:custom":{"minecraft:jump":26,"minecraft:time_since_rest":1,"minecraft:damage_dealt":122,"minecraft:deaths":1,"minecraft:damage_taken":220,"minecraft:sprint_one_cm":1978,"minecraft:play_time":5160,"minecraft:walk_on_water_one_cm":5730,"minecraft:time_since_death":253,"minecraft:walk_one_cm":390,"minecraft:total_world_time":5160,"minecraft:walk_under_water_one_cm":8453,"minecraft:swim_one_cm":35801,"minecraft:fall_one_cm":1997,"minecraft:fly_one_cm":25552}},"DataVersion":3465}