{"stats":{"minecraft:broken":{"minecraft:stone_sword":1,"graveyard:bone_dagger":3,"minecraft:iron_sword":1},"minecraft:used":{"minecraft:moss_block":1,"minecraft:iron_bars":6,"minecraft:stone_sword":119,"minecraft:flint_and_steel":17,"minecraft:ladder":2,"minecraft:iron_sword":275,"minecraft:stick":1,"minecraft:torch":42,"minecraft:dirt":3,"minecraft:hopper":2,"minecraft:obsidian":1,"minecraft:barrel":2,"tombstone:gift":3,"minecraft:cooked_beef":2,"graveyard:small_black_urn":3,"minecraft:cobbled_deepslate":7,"minecraft:pointed_dripstone":23,"alexsmobs:cooked_catfish":5,"minecraft:stone_pickaxe":90,"minecraft:wooden_pickaxe":6,"minecraft:cauldron":1,"minecraft:polished_blackstone_bricks":2,"graveyard:bone_dagger":11,"minecraft:glow_item_frame":1,"minecraft:polished_deepslate_slab":3,"graveyard:small_light_gray_urn":1,"minecraft:crafting_table":4,"minecraft:loom":2,"minecraft:black_bed":2,"minecraft:smoker":2,"minecraft:cracked_polished_blackstone_bricks":1,"graveyard:small_light_blue_urn":1,"minecraft:spruce_trapdoor":1,"minecraft:iron_door":2,"minecraft:deepslate":2,"minecraft:soul_lantern":1,"minecraft:cobbled_deepslate_slab":1,"minecraft:brush":1,"minecraft:cobweb":7},"minecraft:dropped":{"minecraft:emerald":1,"minecraft:moss_carpet":1,"born_in_chaos_v1:corpse_maggot":1,"minecraft:stone_pickaxe":1},"minecraft:killed":{"minecraft:spider":1,"born_in_chaos_v1:maggot":5,"graveyard:acolyte":47,"alexsmobs:catfish":1,"minecraft:zombie":13,"born_in_chaos_v1:dread_hound":1,"apollyon:the_damned":1},"minecraft:picked_up":{"minecraft:iron_chestplate":1,"minecraft:crafting_table":2,"minecraft:chainmail_boots":1,"minecraft:ladder":2,"minecraft:flower_pot":1,"minecraft:wither_rose":1,"minecraft:moss_carpet":1,"minecraft:string":59,"minecraft:iron_shovel":1,"graveyard:corruption":40,"graveyard:small_black_urn":3,"minecraft:candle":4,"minecraft:cobbled_deepslate":7,"minecraft:beef":8,"minecraft:sugar_cane":9,"minecraft:spruce_trapdoor":1,"minecraft:stick":14,"minecraft:polished_deepslate_slab":3,"minecraft:glow_item_frame":1,"minecraft:torch":18,"minecraft:polished_blackstone_bricks":3,"minecraft:cookie":5,"minecraft:pointed_dripstone":38,"tombstone:grave_dust":1,"minecraft:carrot":1,"minecraft:redstone":1,"minecraft:purple_candle":3,"minecraft:cactus":5,"minecraft:rotten_flesh":3,"graveyard:gray_urn":1,"minecraft:mutton":10,"minecraft:iron_bars":8,"biomesoplenty:orange_cosmos":1,"minecraft:cobblestone":5,"born_in_chaos_v1:corpse_maggot":1,"farmersdelight:rice":9,"born_in_chaos_v1:monster_flesh":1,"minecraft:iron_door":2,"minecraft:jungle_log":5,"minecraft:black_bed":4,"minecraft:leather":13,"minecraft:smoker":3,"paraglider:spirit_orb":4,"graveyard:small_light_gray_urn":1,"minecraft:lily_pad":2,"supplementaries:flax_seeds":7,"minecraft:dirt":3,"minecraft:bone":20,"minecraft:stonecutter":1,"minecraft:cobbled_deepslate_slab":1,"minecraft:spruce_wood":1,"minecraft:stone_pickaxe":1,"minecraft:cobweb":3,"tombstone:bag_of_seeds":2,"minecraft:moss_block":1,"minecraft:iron_sword":2,"graveyard:small_light_blue_urn":1,"graveyard:bone_dagger":3,"minecraft:amethyst_shard":34,"minecraft:loom":3,"minecraft:dead_bush":1,"minecraft:spider_eye":1,"minecraft:spectral_arrow":7,"minecraft:barrel":1,"alexsmobs:raw_catfish":5,"minecraft:soul_lantern":1,"minecraft:cracked_polished_blackstone_bricks":5,"minecraft:emerald":1,"minecraft:hopper":2,"minecraft:coal":15,"minecraft:crimson_roots":10},"minecraft:custom":{"minecraft:inspect_dropper":1,"minecraft:mob_kills":69,"minecraft:inspect_hopper":4,"minecraft:interact_with_crafting_table":9,"minecraft:open_barrel":59,"minecraft:damage_dealt_resisted":176,"minecraft:leave_game":1,"minecraft:time_since_death":54965,"minecraft:climb_one_cm":9842,"minecraft:sprint_one_cm":110386,"minecraft:walk_one_cm":237374,"minecraft:drop":4,"minecraft:damage_dealt_absorbed":81,"minecraft:play_time":110477,"minecraft:deaths":3,"minecraft:sneak_time":971,"minecraft:walk_under_water_one_cm":2972,"minecraft:jump":421,"minecraft:walk_on_water_one_cm":11724,"minecraft:total_world_time":110477,"minecraft:sleep_in_bed":2,"minecraft:time_since_rest":4025,"minecraft:damage_taken":1178,"minecraft:trigger_trapped_chest":1,"minecraft:damage_dealt":16871,"minecraft:swim_one_cm":14616,"minecraft:fly_one_cm":84578,"minecraft:open_chest":24,"minecraft:crouch_one_cm":1045,"tombstone:undead_killed":13,"minecraft:interact_with_smoker":7,"minecraft:inspect_dispenser":6,"minecraft:fall_one_cm":4517},"minecraft:mined":{"biomesoplenty:watergrass":8,"minecraft:light_gray_stained_glass_pane":1,"graveyard:small_black_urn":3,"graveyard:gray_urn":1,"minecraft:ladder":2,"minecraft:spruce_trapdoor":1,"minecraft:potted_dead_bush":1,"minecraft:cobbled_deepslate_slab":1,"minecraft:grass_block":2,"minecraft:crimson_roots":1,"minecraft:cracked_polished_blackstone_bricks":5,"minecraft:redstone_wire":1,"minecraft:spruce_leaves":1,"minecraft:hopper":2,"minecraft:moss_block":2,"minecraft:spawner":3,"minecraft:polished_blackstone_bricks":3,"minecraft:tall_seagrass":2,"graveyard:small_light_blue_urn":1,"biomesoplenty:orange_cosmos":1,"farmersdelight:wild_rice":9,"minecraft:fire":3,"minecraft:cobbled_deepslate":7,"minecraft:barrel":2,"treechop:chopped_log":1,"minecraft:pointed_dripstone":1,"supplementaries:stick":1,"minecraft:vine":1,"minecraft:polished_deepslate_slab":3,"minecraft:iron_bars":8,"minecraft:spruce_wood":1,"minecraft:tripwire":25,"minecraft:smoker":3,"minecraft:crimson_nylium":1,"minecraft:stripped_dark_oak_log":2,"graveyard:small_light_gray_urn":1,"minecraft:crafting_table":2,"minecraft:torch":6,"minecraft:white_stained_glass_pane":1,"minecraft:dead_bush":8,"supplementaries:wild_flax":7,"minecraft:cobblestone":5,"graveyard:skeleton_hand":1,"minecraft:lily_pad":2,"minecraft:sugar_cane":3,"minecraft:iron_door":2,"minecraft:wall_torch":11,"minecraft:cauldron":1,"minecraft:cactus":4,"graveyard:vase_block":1,"graveyard:skull_with_rib_cage":1,"minecraft:black_bed":4,"minecraft:grass":2,"graveyard:creeper_skeleton":1,"minecraft:coal_ore":9,"minecraft:dirt":1,"graveyard:leaning_skeleton":2,"minecraft:loom":3,"minecraft:cobweb":23,"minecraft:stonecutter":1},"minecraft:crafted":{"quark:jungle_chest":1,"minecraft:cooked_mutton":10,"minecraft:flint_and_steel":1,"sophisticatedbackpacks:copper_backpack":1,"minecraft:stone_pickaxe":1,"alexsmobs:cooked_catfish":5,"sophisticatedbackpacks:iron_backpack":1,"minecraft:cooked_beef":8,"sophisticatedbackpacks:backpack":1,"minecraft:crafting_table":1,"minecraft:wooden_pickaxe":1,"minecraft:iron_sword":1,"minecraft:orange_dye":1,"minecraft:air":0,"minecraft:jungle_planks":20,"minecraft:stone_sword":1,"minecraft:torch":16}},"DataVersion":3465}