{"stats":{"minecraft:dropped":{"minecraft:gravel":2,"alexsmobs:maggot":2,"minecraft:iron_helmet":3,"minecraft:rotten_flesh":3,"antlers:tomahawkitem":11,"minecraft:coal":2,"supplementaries:ash":2,"mca:book_romance":1,"tombstone:grave_dust":4,"minecraft:bone":2},"minecraft:killed":{"born_in_chaos_v1:bonescaller":1,"antlers:wendigomad":1},"minecraft:used":{"minecraft:iron_bars":6,"minecraft:flint_and_steel":22,"minecraft:stone_pickaxe":302,"minecraft:oak_planks":4,"minecraft:wooden_pickaxe":16,"minecraft:stripped_jungle_wood":1,"minecraft:oak_door":3,"minecraft:torch":19,"minecraft:crafting_table":4,"minecraft:red_bed":6,"minecraft:deepslate_brick_slab":1,"minecraft:spruce_log":25,"minecraft:stripped_spruce_log":2,"minecraft:smoker":3,"minecraft:bricks":1,"quark:spruce_chest":1,"minecraft:muddy_mangrove_roots":1,"minecraft:iron_axe":39,"minecraft:stone_axe":53,"croptopia:toast":4,"minecraft:cobblestone":2,"minecraft:scaffolding":2,"minecraft:furnace":1,"minecraft:cooked_porkchop":1,"tombstone:gift":5,"quark:oak_chest":1,"minecraft:cooked_beef":2},"minecraft:mined":{"minecraft:scaffolding":2,"minecraft:red_bed":5,"minecraft:candle":1,"minecraft:oak_door":1,"minecraft:smoker":3,"antlers:bloody_fox":2,"minecraft:powder_snow":15,"minecraft:crafting_table":2,"minecraft:torch":12,"minecraft:spruce_trapdoor":2,"minecraft:ladder":3,"minecraft:jungle_planks":3,"minecraft:cobblestone":2,"minecraft:spruce_leaves":3,"minecraft:bricks":3,"minecraft:spawner":1,"minecraft:hay_block":15,"minecraft:deepslate_brick_slab":1,"antlers:sheep_corpse":1,"minecraft:iron_ore":1,"minecraft:barrel":2,"minecraft:turtle_egg":1,"minecraft:ice":3,"minecraft:spruce_log":5,"minecraft:birch_leaves":1,"minecraft:stripped_spruce_log":1,"treechop:chopped_log":4,"minecraft:muddy_mangrove_roots":1,"minecraft:coal_ore":7,"minecraft:iron_bars":6,"minecraft:gravel":2,"minecraft:stone":111,"antlers:bloody_cow":1},"minecraft:killed_by":{"antlers:wendigo":4},"minecraft:broken":{"minecraft:stone_pickaxe":3},"minecraft:picked_up":{"minecraft:crafting_table":2,"minecraft:muddy_mangrove_roots":1,"born_in_chaos_v1:spiritual_dust":3,"born_in_chaos_v1:seedof_chaos":2,"minecraft:potato":17,"minecraft:smoker":3,"paraglider:spirit_orb":2,"minecraft:red_bed":6,"minecraft:bone":2,"minecraft:candle":2,"minecraft:deepslate_brick_slab":1,"minecraft:scaffolding":2,"minecraft:dark_oak_sapling":2,"minecraft:stick":12,"minecraft:raw_iron":1,"minecraft:oak_door":1,"minecraft:torch":13,"minecraft:gravel":4,"minecraft:stripped_spruce_log":2,"minecraft:spruce_sapling":14,"tombstone:grave_dust":2,"minecraft:spruce_log":77,"minecraft:barrel":1,"minecraft:rotten_flesh":14,"minecraft:iron_helmet":2,"minecraft:hay_block":15,"minecraft:stripped_jungle_wood":1,"alexsmobs:maggot":2,"supplementaries:ash":2,"minecraft:bricks":3,"minecraft:iron_bars":6,"minecraft:coal":15,"minecraft:cobblestone":113},"minecraft:custom":{"minecraft:interact_with_furnace":7,"minecraft:mob_kills":3,"minecraft:traded_with_villager":1,"minecraft:interact_with_crafting_table":13,"minecraft:open_barrel":33,"minecraft:damage_dealt_resisted":98,"minecraft:time_since_death":24134,"minecraft:sleep_in_bed":2,"minecraft:climb_one_cm":1878,"minecraft:time_since_rest":22767,"minecraft:sprint_one_cm":152663,"minecraft:damage_taken":3617,"minecraft:walk_one_cm":167005,"minecraft:drop":16,"minecraft:damage_dealt":4970,"minecraft:swim_one_cm":3480,"minecraft:fly_one_cm":234126,"minecraft:open_chest":37,"minecraft:crouch_one_cm":7923,"minecraft:play_time":185351,"tombstone:undead_killed":1,"minecraft:deaths":10,"minecraft:sneak_time":5614,"minecraft:walk_under_water_one_cm":404,"minecraft:jump":872,"minecraft:walk_on_water_one_cm":3812,"minecraft:total_world_time":185351,"minecraft:interact_with_smoker":12,"minecraft:fall_one_cm":31368},"minecraft:crafted":{"minecraft:cooked_beef":2,"minecraft:oak_door":3,"minecraft:crafting_table":2,"minecraft:spruce_planks":28,"minecraft:wooden_pickaxe":1,"minecraft:furnace":1,"croptopia:toast":24,"farmersdelight:smoked_ham":1,"minecraft:stone_axe":1,"minecraft:bread":42,"minecraft:cooked_mutton":3,"minecraft:air":0,"minecraft:charcoal":15,"minecraft:iron_axe":1,"minecraft:stick":4,"quark:oak_chest":1,"minecraft:stone_pickaxe":4,"farmersdelight:cooked_bacon":2,"quark:spruce_chest":1,"minecraft:torch":40,"minecraft:wheat":135}},"DataVersion":3465}