{"stats":{"minecraft:used":{"minecraft:white_bed":1,"minecraft:dirt":5},"minecraft:custom":{"minecraft:jump":30,"minecraft:open_chest":2,"minecraft:time_since_rest":5188,"minecraft:crouch_one_cm":107,"minecraft:sprint_one_cm":101,"minecraft:play_time":17191,"minecraft:time_since_death":17191,"minecraft:walk_one_cm":97219,"minecraft:sleep_in_bed":1,"minecraft:sneak_time":151,"minecraft:total_world_time":17191,"minecraft:fly_one_cm":97386},"minecraft:picked_up":{"minecraft:pink_petals":2,"bettermcdonaldsmod:tomato_seeds":13,"minecraft:carrot":4,"minecraft:wheat_seeds":66,"minecraft:cornflower":2,"minecraft:dandelion":3,"minecraft:oxeye_daisy":2,"bettermcdonaldsmod:lettuce_seeds":8}},"DataVersion":3465}