{"stats":{"minecraft:broken":{"minecraft:iron_boots":1,"minecraft:stone_pickaxe":4,"minecraft:iron_axe":3,"minecraft:iron_pickaxe":2},"minecraft:custom":{"minecraft:mob_kills":15,"minecraft:animals_bred":1,"minecraft:interact_with_crafting_table":20,"minecraft:open_barrel":54,"minecraft:damage_dealt_resisted":98,"minecraft:leave_game":6,"minecraft:time_since_death":80552,"minecraft:climb_one_cm":3070,"minecraft:sprint_one_cm":389424,"minecraft:walk_one_cm":604070,"minecraft:drop":67,"minecraft:play_time":330271,"minecraft:deaths":20,"minecraft:sneak_time":6922,"minecraft:walk_under_water_one_cm":1024,"minecraft:jump":2003,"minecraft:interact_with_blast_furnace":2,"minecraft:walk_on_water_one_cm":9678,"minecraft:total_world_time":330271,"minecraft:interact_with_furnace":8,"minecraft:traded_with_villager":1,"minecraft:sleep_in_bed":10,"minecraft:time_since_rest":20345,"minecraft:damage_taken":7086,"minecraft:damage_dealt":12697,"minecraft:swim_one_cm":20375,"minecraft:fly_one_cm":468265,"minecraft:open_chest":66,"minecraft:crouch_one_cm":10001,"tombstone:undead_killed":9,"minecraft:interact_with_smoker":15,"minecraft:fall_one_cm":58738},"minecraft:mined":{"minecraft:dark_oak_planks":52,"minecraft:dark_prismarine":2,"minecraft:red_carpet":1,"minecraft:spruce_planks":152,"minecraft:candle":1,"minecraft:oak_door":3,"minecraft:potted_flowering_azalea_bush":2,"antlers:bloody_fox":2,"minecraft:mangrove_wall_sign":7,"minecraft:spruce_trapdoor":11,"minecraft:ladder":3,"minecraft:grass_block":16,"minecraft:spruce_fence":35,"minecraft:jungle_planks":3,"minecraft:soul_campfire":1,"minecraft:mangrove_trapdoor":7,"minecraft:spruce_leaves":10,"minecraft:cartography_table":1,"minecraft:spawner":3,"minecraft:hay_block":15,"minecraft:deepslate_brick_slab":1,"minecraft:furnace":1,"supplementaries:ash":1,"minecraft:dark_oak_trapdoor":93,"minecraft:iron_ore":1,"minecraft:barrel":5,"minecraft:turtle_egg":1,"minecraft:stripped_spruce_log":1,"treechop:chopped_log":4,"minecraft:stripped_dark_oak_wood":11,"minecraft:dark_oak_stairs":131,"minecraft:polished_deepslate":12,"minecraft:vine":1,"minecraft:iron_bars":6,"minecraft:potted_cornflower":1,"minecraft:stone":504,"minecraft:spruce_slab":1,"minecraft:redstone_wall_torch":1,"minecraft:mud_brick_slab":3,"minecraft:scaffolding":2,"minecraft:red_bed":16,"minecraft:polished_deepslate_stairs":3,"minecraft:smoker":3,"minecraft:soul_lantern":1,"minecraft:powder_snow":15,"minecraft:crafting_table":2,"minecraft:torch":13,"minecraft:blast_furnace":2,"minecraft:calcite":169,"minecraft:cobblestone":7,"minecraft:cyan_bed":4,"minecraft:bricks":3,"minecraft:diorite":18,"minecraft:wall_torch":9,"minecraft:spruce_stairs":10,"minecraft:stone_stairs":3,"minecraft:red_terracotta":4,"minecraft:dark_oak_slab":1,"antlers:sheep_corpse":1,"minecraft:dark_oak_wall_sign":10,"minecraft:black_wall_banner":1,"minecraft:ice":3,"minecraft:birch_trapdoor":10,"minecraft:spruce_log":7,"minecraft:birch_leaves":1,"minecraft:birch_door":7,"minecraft:muddy_mangrove_roots":1,"minecraft:mangrove_slab":10,"minecraft:coal_ore":7,"minecraft:gravel":2,"minecraft:cyan_carpet":8,"minecraft:dirt":12,"minecraft:gray_carpet":1,"antlers:bloody_cow":1,"minecraft:polished_deepslate_wall":6,"minecraft:cyan_candle":3},"minecraft:crafted":{"minecraft:oak_door":3,"minecraft:oak_planks":16,"minecraft:furnace":1,"croptopia:toast":24,"minecraft:cooked_mutton":3,"minecraft:iron_axe":4,"minecraft:stone_pickaxe":4,"quark:spruce_chest":1,"minecraft:wheat":135,"minecraft:cooked_beef":2,"minecraft:crafting_table":4,"minecraft:spruce_planks":28,"minecraft:wooden_pickaxe":1,"farmersdelight:smoked_ham":1,"minecraft:stone_axe":1,"minecraft:bread":42,"minecraft:air":0,"minecraft:charcoal":17,"minecraft:stick":20,"quark:oak_chest":2,"minecraft:iron_pickaxe":3,"farmersdelight:cooked_bacon":2,"minecraft:torch":40},"minecraft:killed":{"minecraft:skeleton":6,"minecraft:husk":2,"born_in_chaos_v1:bonescaller":1,"antlers:wendigomad":2,"minecraft:cow":3},"minecraft:killed_by":{"antlers:wendigo":4},"minecraft:used":{"minecraft:iron_bars":6,"minecraft:flint_and_steel":22,"minecraft:spruce_slab":1,"minecraft:spruce_planks":47,"minecraft:stripped_jungle_wood":1,"minecraft:oak_door":3,"minecraft:torch":81,"minecraft:dirt":22,"minecraft:stone_stairs":2,"minecraft:spruce_stairs":6,"minecraft:deepslate_brick_slab":1,"minecraft:spruce_fence":1,"minecraft:stripped_spruce_log":2,"minecraft:dark_oak_planks":14,"quark:spruce_chest":1,"minecraft:bricks":1,"minecraft:iron_axe":664,"minecraft:muddy_mangrove_roots":1,"minecraft:barrel":3,"minecraft:scaffolding":2,"minecraft:furnace":1,"tombstone:gift":5,"minecraft:cooked_beef":2,"minecraft:calcite":101,"minecraft:cooked_mutton":3,"minecraft:dark_oak_stairs":26,"minecraft:stone_pickaxe":344,"minecraft:gray_carpet":1,"minecraft:oak_planks":4,"minecraft:wooden_pickaxe":16,"minecraft:dark_oak_trapdoor":14,"minecraft:crafting_table":6,"minecraft:red_bed":17,"minecraft:blast_furnace":1,"minecraft:spruce_log":27,"minecraft:smoker":3,"minecraft:cyan_bed":2,"minecraft:iron_pickaxe":646,"minecraft:cyan_carpet":2,"minecraft:red_terracotta":4,"minecraft:spruce_trapdoor":1,"minecraft:stone_axe":53,"croptopia:toast":11,"minecraft:cobblestone":46,"minecraft:cooked_porkchop":1,"quark:oak_chest":2},"minecraft:dropped":{"minecraft:oak_slab":8,"minecraft:wheat_seeds":132,"minecraft:oak_fence":4,"minecraft:iron_helmet":3,"minecraft:cobblestone":24,"antlers:tomahawkitem":11,"minecraft:leather":1,"minecraft:coal":8,"minecraft:red_carpet":2,"minecraft:oxeye_daisy":2,"minecraft:dirt":11,"mca:book_romance":1,"minecraft:stone_button":4,"minecraft:rose_bush":1,"tombstone:grave_dust":4,"minecraft:oak_stairs":2,"iceandfire:ash":4,"minecraft:string":5,"minecraft:tripwire_hook":3,"minecraft:mangrove_slab":2,"minecraft:dandelion":2,"minecraft:bone":2,"minecraft:oak_door":3,"minecraft:gravel":2,"alexsmobs:maggot":2,"croptopia:toast":2,"minecraft:beetroot":9,"minecraft:rotten_flesh":9,"minecraft:oak_planks":9,"supplementaries:ash":2,"minecraft:oak_sapling":5,"minecraft:stone_bricks":6,"minecraft:stone_brick_stairs":3,"minecraft:cartography_table":1},"minecraft:picked_up":{"minecraft:crafting_table":2,"minecraft:birch_door":7,"minecraft:mud_brick_slab":4,"minecraft:wheat":39,"minecraft:flower_pot":3,"born_in_chaos_v1:seedof_chaos":2,"minecraft:oak_stairs":2,"minecraft:potion":3,"minecraft:stone_brick_stairs":3,"minecraft:polished_deepslate_wall":6,"minecraft:stone_stairs":2,"minecraft:soul_soil":1,"minecraft:polished_deepslate":11,"minecraft:cornflower":1,"minecraft:red_bed":17,"minecraft:dark_oak_trapdoor":92,"minecraft:item_frame":5,"minecraft:cyan_carpet":8,"minecraft:beetroot":20,"minecraft:cartography_table":2,"minecraft:candle":2,"minecraft:spruce_planks":152,"minecraft:beef":4,"minecraft:rose_bush":1,"minecraft:redstone_torch":3,"minecraft:calcite":165,"minecraft:spruce_slab":4,"minecraft:spruce_trapdoor":9,"minecraft:furnace":1,"minecraft:dark_oak_sapling":2,"minecraft:stick":12,"minecraft:raw_iron":1,"iceandfire:dragonbone":8,"minecraft:oak_door":3,"minecraft:polished_deepslate_stairs":2,"minecraft:birch_trapdoor":10,"minecraft:oak_fence":3,"minecraft:torch":30,"minecraft:spruce_stairs":10,"minecraft:spruce_fence":35,"minecraft:cake":3,"minecraft:stone_button":4,"minecraft:mangrove_sign":16,"tombstone:grave_dust":5,"minecraft:diorite":18,"minecraft:mangrove_trapdoor":7,"minecraft:dark_oak_planks":52,"minecraft:arrow":8,"minecraft:rotten_flesh":14,"minecraft:pumpkin_pie":2,"minecraft:hay_block":15,"iceandfire:fire_dragon_heart":1,"minecraft:stripped_dark_oak_wood":11,"minecraft:glistering_melon_slice":2,"minecraft:black_banner":1,"supplementaries:ash":3,"minecraft:iron_bars":6,"minecraft:cobblestone":509,"minecraft:oxeye_daisy":2,"minecraft:muddy_mangrove_roots":1,"minecraft:lilac":2,"minecraft:tripwire_hook":6,"born_in_chaos_v1:spiritual_dust":3,"minecraft:leather":2,"minecraft:smoker":3,"minecraft:potato":17,"paraglider:spirit_orb":6,"minecraft:oak_log":1,"minecraft:mangrove_slab":12,"minecraft:dirt":33,"minecraft:red_carpet":2,"minecraft:bone":7,"minecraft:apple":4,"minecraft:stone_bricks":5,"minecraft:gray_carpet":1,"minecraft:wheat_seeds":132,"minecraft:deepslate_brick_slab":1,"minecraft:dark_oak_sign":11,"minecraft:cyan_candle":9,"iceandfire:fire_dragon_flesh":6,"minecraft:flowering_azalea":2,"minecraft:oak_planks":5,"minecraft:dark_oak_stairs":131,"minecraft:scaffolding":2,"minecraft:oak_slab":6,"minecraft:dark_oak_slab":1,"iceandfire:ash":3,"minecraft:dandelion":2,"minecraft:gravel":4,"iceandfire:dragon_skull_fire":1,"minecraft:blast_furnace":2,"minecraft:stripped_spruce_log":2,"minecraft:spruce_sapling":14,"minecraft:spruce_log":79,"minecraft:cyan_bed":4,"minecraft:red_terracotta":4,"minecraft:barrel":4,"minecraft:dark_prismarine":2,"minecraft:soul_lantern":1,"minecraft:iron_helmet":2,"minecraft:stripped_jungle_wood":1,"alexsmobs:maggot":2,"minecraft:bricks":3,"minecraft:coal":21}},"DataVersion":3465}