{"stats":{"minecraft:broken":{"minecraft:stone_pickaxe":2,"minecraft:iron_shovel":15,"minecraft:iron_pickaxe":1,"minecraft:stone_shovel":25},"minecraft:custom":{"minecraft:interact_with_furnace":15,"minecraft:interact_with_anvil":5,"minecraft:mob_kills":9,"tombstone:raider_killed":1,"minecraft:traded_with_villager":3,"minecraft:interact_with_crafting_table":38,"minecraft:leave_game":3,"minecraft:time_since_death":122832,"minecraft:sleep_in_bed":21,"minecraft:climb_one_cm":1906,"minecraft:time_since_rest":12386,"minecraft:sprint_one_cm":123124,"minecraft:damage_taken":1934,"minecraft:walk_one_cm":889179,"minecraft:drop":1,"minecraft:damage_dealt":3569,"minecraft:fly_one_cm":439942,"minecraft:talked_to_villager":3,"minecraft:open_chest":178,"minecraft:crouch_one_cm":1660,"tombstone:undead_killed":1,"minecraft:play_time":297747,"minecraft:deaths":6,"minecraft:sneak_time":1132,"minecraft:jump":776,"minecraft:enchant_item":20,"minecraft:total_world_time":297747,"minecraft:interact_with_smoker":18,"minecraft:interact_with_smithing_table":1,"minecraft:fall_one_cm":5144},"minecraft:mined":{"minecraft:white_bed":1,"quark:cherry_chest":1,"minecraft:mossy_cobblestone":14,"minecraft:crafting_table":1,"minecraft:grass_block":3720,"minecraft:tall_grass":50,"quark:hollow_cherry_log":18,"minecraft:cobblestone":33,"minecraft:pink_petals":18,"minecraft:coarse_dirt":3,"minecraft:iron_ore":7,"minecraft:wheat":5,"born_in_chaos_v1:river_mint":2,"treechop:chopped_log":52,"antlers:bloody_pig":1,"minecraft:peony":1,"minecraft:grass":99,"minecraft:coal_ore":33,"minecraft:dirt_path":5,"minecraft:oak_stairs":5,"minecraft:gravel":27,"minecraft:dirt":4231,"minecraft:bamboo":2,"minecraft:white_tulip":1,"minecraft:stone":487},"minecraft:crafted":{"minecraft:cooked_beef":6,"minecraft:cherry_planks":96,"minecraft:red_dye":5,"minecraft:oak_planks":108,"minecraft:stone_shovel":29,"quark:pathfinders_quill":1,"minecraft:baked_potato":17,"minecraft:iron_sword":1,"minecraft:furnace":2,"croptopia:toast":30,"minecraft:cobblestone_stairs":8,"minecraft:pink_dye":148,"minecraft:stone_axe":3,"quark:cherry_chest":12,"minecraft:bread":33,"minecraft:air":0,"biomesoplenty:fir_sapling":1,"minecraft:blue_dye":4,"irons_spellbooks:fireward_ring":1,"minecraft:charcoal":37,"minecraft:yellow_dye":15,"minecraft:iron_axe":1,"minecraft:iron_ingot":7,"minecraft:iron_pickaxe":1,"minecraft:stone_pickaxe":4,"minecraft:oak_stairs":72,"minecraft:iron_shovel":14,"minecraft:light_gray_dye":7,"minecraft:torch":12,"minecraft:stone_hoe":1,"minecraft:smoker":1},"minecraft:killed":{"minecraft:spider":2,"minecraft:creeper":2,"born_in_chaos_v1:maggot":1,"minecraft:pillager":1,"apollyon:the_damned":2,"born_in_chaos_v1:barrel_zombie":1},"minecraft:killed_by":{"minecraft:zombie":1},"minecraft:used":{"minecraft:wheat_seeds":5,"minecraft:enchanting_table":1,"minecraft:iron_shovel":4680,"minecraft:cobblestone_stairs":8,"minecraft:stone_pickaxe":342,"minecraft:stone_shovel":3356,"minecraft:baked_potato":3,"minecraft:oak_planks":173,"minecraft:stone":542,"minecraft:iron_sword":59,"minecraft:torch":3,"minecraft:anvil":2,"quark:cherry_chest":13,"minecraft:dirt":374,"minecraft:crafting_table":2,"minecraft:white_bed":2,"quark:vertical_oak_planks":81,"minecraft:smoker":1,"minecraft:oak_log":11,"minecraft:coal_ore":11,"minecraft:bookshelf":26,"minecraft:iron_pickaxe":250,"minecraft:lantern":3,"minecraft:iron_axe":483,"minecraft:oak_stairs":179,"minecraft:bread":3,"minecraft:gravel":34,"minecraft:stone_axe":81,"croptopia:toast":2,"croptopia:peach":5,"minecraft:cobblestone":451,"minecraft:smithing_table":2,"minecraft:white_banner":1,"minecraft:furnace":1,"tombstone:gift":4,"minecraft:oak_trapdoor":11},"minecraft:dropped":{"minecraft:gunpowder":1},"minecraft:picked_up":{"minecraft:birch_log":26,"minecraft:pink_petals":387,"minecraft:crafting_table":1,"minecraft:wheat":63,"minecraft:azure_bluet":2,"minecraft:salmon":1,"born_in_chaos_v1:river_mint":20,"croptopia:peach":11,"minecraft:leather":1,"minecraft:lead":2,"minecraft:oak_stairs":5,"minecraft:potato":34,"minecraft:wither_rose":1,"alexsmobs:bison_fur":2,"minecraft:oak_log":67,"minecraft:gunpowder":2,"minecraft:cornflower":4,"minecraft:string":1,"minecraft:dirt":7883,"minecraft:moss_carpet":15,"minecraft:white_banner":1,"minecraft:pufferfish":1,"minecraft:beetroot":4,"minecraft:apple":3,"minecraft:wheat_seeds":559,"minecraft:beef":6,"minecraft:white_tulip":4,"bettermcdonaldsmod:tomato_seeds":68,"minecraft:poppy":6,"minecraft:bamboo":53,"minecraft:birch_sapling":8,"minecraft:stick":311,"minecraft:raw_iron":7,"minecraft:torch":2,"quark:cherry_chest":1,"minecraft:poisonous_potato":1,"minecraft:dandelion":15,"minecraft:gravel":26,"minecraft:cherry_log":631,"minecraft:ink_sac":2,"minecraft:white_bed":1,"minecraft:carrot":66,"minecraft:mossy_cobblestone":14,"minecraft:rotten_flesh":3,"minecraft:beetroot_seeds":9,"minecraft:peony":5,"quark:hollow_cherry_log":18,"minecraft:chainmail_leggings":1,"bettermcdonaldsmod:lettuce_seeds":59,"croptopia:orange":10,"minecraft:cherry_sapling":375,"minecraft:pink_tulip":1,"supplementaries:ash":1,"minecraft:oak_sapling":11,"minecraft:coarse_dirt":3,"minecraft:coal":33,"minecraft:cobblestone":520,"minecraft:oxeye_daisy":3}},"DataVersion":3465}